routerName,routerFile,tableName,exportName,ownershipKind,notes
accounting,accounting.ts,bills,bills,direct-import,Direct Drizzle schema import in router file.
accounting,accounting.ts,clients,clients,direct-import,Direct Drizzle schema import in router file.
accounting,accounting.ts,invoices,invoices,direct-import,Direct Drizzle schema import in router file.
accounting,accounting.ts,payments,payments,direct-import,Direct Drizzle schema import in router file.
accounting,accounting.ts,supplierProfiles,supplierProfiles,direct-import,Direct Drizzle schema import in router file.
admin,admin.ts,permissions,permissions,direct-import,Direct Drizzle schema import in router file.
admin,admin.ts,strains,strains,direct-import,Direct Drizzle schema import in router file.
admin,admin.ts,userPermissionOverrides,userPermissionOverrides,direct-import,Direct Drizzle schema import in router file.
admin,admin.ts,users,users,direct-import,Direct Drizzle schema import in router file.
adminImport,adminImport.ts,strains,strains,direct-import,Direct Drizzle schema import in router file.
adminSetup,adminSetup.ts,auditLogs,auditLogs,direct-import,Direct Drizzle schema import in router file.
adminSetup,adminSetup.ts,users,users,direct-import,Direct Drizzle schema import in router file.
alerts,alerts.ts,batches,batches,direct-import,Direct Drizzle schema import in router file.
alerts,alerts.ts,brands,brands,direct-import,Direct Drizzle schema import in router file.
alerts,alerts.ts,clientNeeds,clientNeeds,direct-import,Direct Drizzle schema import in router file.
alerts,alerts.ts,clients,clients,direct-import,Direct Drizzle schema import in router file.
alerts,alerts.ts,lots,lots,direct-import,Direct Drizzle schema import in router file.
alerts,alerts.ts,products,products,direct-import,Direct Drizzle schema import in router file.
analytics,analytics.ts,batches,batches,direct-import,Direct Drizzle schema import in router file.
analytics,analytics.ts,clients,clients,direct-import,Direct Drizzle schema import in router file.
analytics,analytics.ts,orders,orders,direct-import,Direct Drizzle schema import in router file.
analytics,analytics.ts,payments,payments,direct-import,Direct Drizzle schema import in router file.
appointmentRequests,appointmentRequests.ts,appointmentRequests,appointmentRequests,direct-import,Direct Drizzle schema import in router file.
appointmentRequests,appointmentRequests.ts,appointmentTypes,appointmentTypes,direct-import,Direct Drizzle schema import in router file.
appointmentRequests,appointmentRequests.ts,calendarAvailability,calendarAvailability,direct-import,Direct Drizzle schema import in router file.
appointmentRequests,appointmentRequests.ts,calendarBlockedDates,calendarBlockedDates,direct-import,Direct Drizzle schema import in router file.
appointmentRequests,appointmentRequests.ts,calendarEvents,calendarEvents,direct-import,Direct Drizzle schema import in router file.
appointmentRequests,appointmentRequests.ts,calendars,calendars,direct-import,Direct Drizzle schema import in router file.
appointmentRequests,appointmentRequests.ts,calendarUserAccess,calendarUserAccess,direct-import,Direct Drizzle schema import in router file.
appointmentRequests,appointmentRequests.ts,clients,clients,direct-import,Direct Drizzle schema import in router file.
audit,audit.ts,batches,batches,direct-import,Direct Drizzle schema import in router file.
audit,audit.ts,bills,bills,direct-import,Direct Drizzle schema import in router file.
audit,audit.ts,clients,clients,direct-import,Direct Drizzle schema import in router file.
audit,audit.ts,inventoryMovements,inventoryMovements,direct-import,Direct Drizzle schema import in router file.
audit,audit.ts,orderLineItems,orderLineItems,direct-import,Direct Drizzle schema import in router file.
audit,audit.ts,orders,orders,direct-import,Direct Drizzle schema import in router file.
audit,audit.ts,payments,payments,direct-import,Direct Drizzle schema import in router file.
audit,audit.ts,supplierProfiles,supplierProfiles,direct-import,Direct Drizzle schema import in router file.
audit,audit.ts,users,users,direct-import,Direct Drizzle schema import in router file.
calendar,calendar.ts,calendarEvents,calendarEvents,direct-import,Direct Drizzle schema import in router file.
calendar,calendar.ts,calendarRecurrenceInstances,calendarRecurrenceInstances,direct-import,Direct Drizzle schema import in router file.
calendarFinancials,calendarFinancials.ts,bills,bills,direct-import,Direct Drizzle schema import in router file.
calendarFinancials,calendarFinancials.ts,calendarEvents,calendarEvents,direct-import,Direct Drizzle schema import in router file.
calendarFinancials,calendarFinancials.ts,invoices,invoices,direct-import,Direct Drizzle schema import in router file.
calendarFinancials,calendarFinancials.ts,orders,orders,direct-import,Direct Drizzle schema import in router file.
calendarInvitations,calendarInvitations.ts,calendarEventInvitations,calendarEventInvitations,direct-import,Direct Drizzle schema import in router file.
calendarInvitations,calendarInvitations.ts,calendarEventParticipants,calendarEventParticipants,direct-import,Direct Drizzle schema import in router file.
calendarInvitations,calendarInvitations.ts,calendarEvents,calendarEvents,direct-import,Direct Drizzle schema import in router file.
calendarInvitations,calendarInvitations.ts,calendarInvitationHistory,calendarInvitationHistory,direct-import,Direct Drizzle schema import in router file.
calendarInvitations,calendarInvitations.ts,calendarInvitationSettings,calendarInvitationSettings,direct-import,Direct Drizzle schema import in router file.
calendarMeetings,calendarMeetings.ts,calendarEvents,calendarEvents,direct-import,Direct Drizzle schema import in router file.
calendarMeetings,calendarMeetings.ts,clientMeetingHistory,clientMeetingHistory,direct-import,Direct Drizzle schema import in router file.
calendarReminders,calendarReminders.ts,calendarReminders,calendarReminders,direct-import,Direct Drizzle schema import in router file.
calendarsManagement,calendarsManagement.ts,appointmentTypes,appointmentTypes,direct-import,Direct Drizzle schema import in router file.
calendarsManagement,calendarsManagement.ts,calendarAvailability,calendarAvailability,direct-import,Direct Drizzle schema import in router file.
calendarsManagement,calendarsManagement.ts,calendarBlockedDates,calendarBlockedDates,direct-import,Direct Drizzle schema import in router file.
calendarsManagement,calendarsManagement.ts,calendarEvents,calendarEvents,direct-import,Direct Drizzle schema import in router file.
calendarsManagement,calendarsManagement.ts,calendars,calendars,direct-import,Direct Drizzle schema import in router file.
calendarsManagement,calendarsManagement.ts,calendarUserAccess,calendarUserAccess,direct-import,Direct Drizzle schema import in router file.
calendarsManagement,calendarsManagement.ts,timeOffRequests,timeOffRequests,direct-import,Direct Drizzle schema import in router file.
calendarViews,calendarViews.ts,calendarViews,calendarViews,direct-import,Direct Drizzle schema import in router file.
cashAudit,cashAudit.ts,bankAccounts,bankAccounts,direct-import,Direct Drizzle schema import in router file.
cashAudit,cashAudit.ts,bills,bills,direct-import,Direct Drizzle schema import in router file.
cashAudit,cashAudit.ts,cashLocations,cashLocations,direct-import,Direct Drizzle schema import in router file.
cashAudit,cashAudit.ts,cashLocationTransactions,cashLocationTransactions,direct-import,Direct Drizzle schema import in router file.
cashAudit,cashAudit.ts,shiftAudits,shiftAudits,direct-import,Direct Drizzle schema import in router file.
cashAudit,cashAudit.ts,users,users,direct-import,Direct Drizzle schema import in router file.
client360,client360.ts,batches,batches,direct-import,Direct Drizzle schema import in router file.
client360,client360.ts,clientActivity,clientActivity,direct-import,Direct Drizzle schema import in router file.
client360,client360.ts,clientCommunications,clientCommunications,direct-import,Direct Drizzle schema import in router file.
client360,client360.ts,clients,clients,direct-import,Direct Drizzle schema import in router file.
client360,client360.ts,clientTransactions,clientTransactions,direct-import,Direct Drizzle schema import in router file.
client360,client360.ts,orders,orders,direct-import,Direct Drizzle schema import in router file.
client360,client360.ts,users,users,direct-import,Direct Drizzle schema import in router file.
clientLedger,clientLedger.ts,clientLedgerAdjustments,clientLedgerAdjustments,direct-import,Direct Drizzle schema import in router file.
clientLedger,clientLedger.ts,clients,clients,direct-import,Direct Drizzle schema import in router file.
clientLedger,clientLedger.ts,orders,orders,direct-import,Direct Drizzle schema import in router file.
clientLedger,clientLedger.ts,payments,payments,direct-import,Direct Drizzle schema import in router file.
clientLedger,clientLedger.ts,purchaseOrders,purchaseOrders,direct-import,Direct Drizzle schema import in router file.
clientLedger,clientLedger.ts,users,users,direct-import,Direct Drizzle schema import in router file.
clientWants,clientWants.ts,batches,batches,direct-import,Direct Drizzle schema import in router file.
clientWants,clientWants.ts,clients,clients,direct-import,Direct Drizzle schema import in router file.
clientWants,clientWants.ts,products,products,direct-import,Direct Drizzle schema import in router file.
cogs,cogs.ts,auditLogs,auditLogs,direct-import,Direct Drizzle schema import in router file.
cogs,cogs.ts,batches,batches,direct-import,Direct Drizzle schema import in router file.
cogs,cogs.ts,orders,orders,direct-import,Direct Drizzle schema import in router file.
credits,credits.ts,clients,clients,direct-import,Direct Drizzle schema import in router file.
credits,credits.ts,credits,credits,direct-import,Direct Drizzle schema import in router file.
cryptoPayments,cryptoPayments.ts,clients,clients,direct-import,Direct Drizzle schema import in router file.
dashboard,dashboard.ts,batches,batches,direct-import,Direct Drizzle schema import in router file.
dashboard,dashboard.ts,clients,clients,direct-import,Direct Drizzle schema import in router file.
dashboard,dashboard.ts,lots,lots,direct-import,Direct Drizzle schema import in router file.
dashboard,dashboard.ts,paymentHistory,paymentHistory,direct-import,Direct Drizzle schema import in router file.
dashboard,dashboard.ts,sales as salesTable,sales as salesTable,direct-import,Direct Drizzle schema import in router file.
dashboardPreferences,dashboardPreferences.ts,userDashboardPreferences,userDashboardPreferences,direct-import,Direct Drizzle schema import in router file.
deployments,deployments.ts,deployments,deployments,direct-import,Direct Drizzle schema import in router file.
gamification,gamification.ts,clients,clients,direct-import,Direct Drizzle schema import in router file.
gamification,gamification.ts,orders,orders,direct-import,Direct Drizzle schema import in router file.
hourTracking,hourTracking.ts,users,users,direct-import,Direct Drizzle schema import in router file.
installmentPayments,installmentPayments.ts,clients,clients,direct-import,Direct Drizzle schema import in router file.
intakeReceipts,intakeReceipts.ts,clients,clients,direct-import,Direct Drizzle schema import in router file.
intakeReceipts,intakeReceipts.ts,intakeDiscrepancies,intakeDiscrepancies,direct-import,Direct Drizzle schema import in router file.
intakeReceipts,intakeReceipts.ts,intakeReceiptItems,intakeReceiptItems,direct-import,Direct Drizzle schema import in router file.
intakeReceipts,intakeReceipts.ts,intakeReceipts,intakeReceipts,direct-import,Direct Drizzle schema import in router file.
intakeReceipts,intakeReceipts.ts,users,users,direct-import,Direct Drizzle schema import in router file.
inventory,inventory.ts,batches,batches,direct-import,Direct Drizzle schema import in router file.
inventory,inventory.ts,inventoryMovements,inventoryMovements,direct-import,Direct Drizzle schema import in router file.
inventory,inventory.ts,inventoryViews,inventoryViews,manual-pilot-adjacent,Inventory views are saved-view support for pilot surface.
inventory,inventory.ts,locations,locations,manual-pilot-adjacent,Inventory pilot adjacent locations/transfer ownership seam.
inventoryMovements,inventoryMovements.ts,batches,batches,direct-import,Direct Drizzle schema import in router file.
inventoryMovements,inventoryMovements.ts,inventoryMovements,inventoryMovements,direct-import,Direct Drizzle schema import in router file.
inventoryMovements,inventoryMovements.ts,products,products,direct-import,Direct Drizzle schema import in router file.
inventoryMovements,inventoryMovements.ts,users,users,direct-import,Direct Drizzle schema import in router file.
invoiceDisputes,invoiceDisputes.ts,clients,clients,direct-import,Direct Drizzle schema import in router file.
invoiceDisputes,invoiceDisputes.ts,invoices,invoices,direct-import,Direct Drizzle schema import in router file.
invoiceDisputes,invoiceDisputes.ts,users,users,direct-import,Direct Drizzle schema import in router file.
invoices,invoices.ts,clients,clients,direct-import,Direct Drizzle schema import in router file.
invoices,invoices.ts,invoiceLineItems,invoiceLineItems,direct-import,Direct Drizzle schema import in router file.
invoices,invoices.ts,invoices,invoices,direct-import,Direct Drizzle schema import in router file.
invoices,invoices.ts,orders,orders,direct-import,Direct Drizzle schema import in router file.
invoices,invoices.ts,payments,payments,direct-import,Direct Drizzle schema import in router file.
invoices,invoices.ts,users,users,direct-import,Direct Drizzle schema import in router file.
liveShopping,liveShopping.ts,batches,batches,direct-import,Direct Drizzle schema import in router file.
liveShopping,liveShopping.ts,clients,clients,direct-import,Direct Drizzle schema import in router file.
liveShopping,liveShopping.ts,products,products,direct-import,Direct Drizzle schema import in router file.
liveShopping,liveShopping.ts,users,users,direct-import,Direct Drizzle schema import in router file.
locations,locations.ts,batchLocations,batchLocations,direct-import,Direct Drizzle schema import in router file.
locations,locations.ts,locations,locations,direct-import,Direct Drizzle schema import in router file.
matchingEnhanced,matchingEnhanced.ts,clients,clients,direct-import,Direct Drizzle schema import in router file.
notifications,notifications.ts,organizationSettings,organizationSettings,direct-import,Direct Drizzle schema import in router file.
officeSupply,officeSupply.ts,products,products,direct-import,Direct Drizzle schema import in router file.
orders,orders.ts,batches,batches,direct-import,Direct Drizzle schema import in router file.
orders,orders.ts,clients,clients,direct-import,Direct Drizzle schema import in router file.
orders,orders.ts,inventoryMovements,inventoryMovements,direct-import,Direct Drizzle schema import in router file.
orders,orders.ts,invoices,invoices,manual-pilot-adjacent,Orders pilot adjacent output/accounting dependency.
orders,orders.ts,lots,lots,direct-import,Direct Drizzle schema import in router file.
orders,orders.ts,orderLineItemAllocations,orderLineItemAllocations,direct-import,Direct Drizzle schema import in router file.
orders,orders.ts,orderLineItems,orderLineItems,direct-import,Direct Drizzle schema import in router file.
orders,orders.ts,orders,orders,direct-import,Direct Drizzle schema import in router file.
orders,orders.ts,orderStatusHistory,orderStatusHistory,direct-import,Direct Drizzle schema import in router file.
orders,orders.ts,payments,payments,manual-pilot-adjacent,Orders pilot adjacent accounting handoff.
orders,orders.ts,products,products,direct-import,Direct Drizzle schema import in router file.
orders,orders.ts,returns,returns,manual-pilot-adjacent,Orders pilot adjacent returns ownership seam.
organizationSettings,organizationSettings.ts,customFinanceStatuses,customFinanceStatuses,direct-import,Direct Drizzle schema import in router file.
organizationSettings,organizationSettings.ts,locations,locations,direct-import,Direct Drizzle schema import in router file.
organizationSettings,organizationSettings.ts,organizationSettings,organizationSettings,direct-import,Direct Drizzle schema import in router file.
organizationSettings,organizationSettings.ts,unitTypes,unitTypes,direct-import,Direct Drizzle schema import in router file.
organizationSettings,organizationSettings.ts,userPreferences,userPreferences,direct-import,Direct Drizzle schema import in router file.
payments,payments.ts,// FEAT-007: Multi-invoice payment support,// FEAT-007: Multi-invoice payment support,direct-import,Direct Drizzle schema import in router file.
payments,payments.ts,clients,clients,direct-import,Direct Drizzle schema import in router file.
payments,payments.ts,invoicePayments,invoicePayments,direct-import,Direct Drizzle schema import in router file.
payments,payments.ts,invoices,invoices,direct-import,Direct Drizzle schema import in router file.
payments,payments.ts,ledgerEntries,ledgerEntries,direct-import,Direct Drizzle schema import in router file.
payments,payments.ts,payments,payments,direct-import,Direct Drizzle schema import in router file.
payments,payments.ts,users,users,direct-import,Direct Drizzle schema import in router file.
paymentTerms,paymentTerms.ts,clients,clients,direct-import,Direct Drizzle schema import in router file.
photography,photography.ts,batches,batches,direct-import,Direct Drizzle schema import in router file.
photography,photography.ts,productImages,productImages,direct-import,Direct Drizzle schema import in router file.
photography,photography.ts,products,products,direct-import,Direct Drizzle schema import in router file.
photography,photography.ts,strains,strains,direct-import,Direct Drizzle schema import in router file.
photography,photography.ts,users,users,direct-import,Direct Drizzle schema import in router file.
poReceiving,poReceiving.ts,batches,batches,direct-import,Direct Drizzle schema import in router file.
poReceiving,poReceiving.ts,batchLocations,batchLocations,direct-import,Direct Drizzle schema import in router file.
poReceiving,poReceiving.ts,clients,clients,direct-import,Direct Drizzle schema import in router file.
poReceiving,poReceiving.ts,intakeSessions,intakeSessions,direct-import,Direct Drizzle schema import in router file.
poReceiving,poReceiving.ts,inventoryMovements,inventoryMovements,direct-import,Direct Drizzle schema import in router file.
poReceiving,poReceiving.ts,locations,locations,direct-import,Direct Drizzle schema import in router file.
poReceiving,poReceiving.ts,lots,lots,direct-import,Direct Drizzle schema import in router file.
poReceiving,poReceiving.ts,products,products,direct-import,Direct Drizzle schema import in router file.
poReceiving,poReceiving.ts,purchaseOrderItems,purchaseOrderItems,direct-import,Direct Drizzle schema import in router file.
poReceiving,poReceiving.ts,purchaseOrders,purchaseOrders,direct-import,Direct Drizzle schema import in router file.
pricing,pricing.ts,users,users,direct-import,Direct Drizzle schema import in router file.
pricing,pricing.ts,variableMarkupRules,variableMarkupRules,direct-import,Direct Drizzle schema import in router file.
productCategories,productCategories.ts,batches,batches,direct-import,Direct Drizzle schema import in router file.
productCategories,productCategories.ts,categories,categories,direct-import,Direct Drizzle schema import in router file.
productCategories,productCategories.ts,products,products,direct-import,Direct Drizzle schema import in router file.
productCategories,productCategories.ts,subcategories,subcategories,direct-import,Direct Drizzle schema import in router file.
productCategoriesExtended,productCategoriesExtended.ts,products,products,direct-import,Direct Drizzle schema import in router file.
productGrades,productGrades.ts,batches,batches,direct-import,Direct Drizzle schema import in router file.
productGrades,productGrades.ts,products,products,direct-import,Direct Drizzle schema import in router file.
purchaseOrders,purchaseOrders.ts,brands,brands,direct-import,Direct Drizzle schema import in router file.
purchaseOrders,purchaseOrders.ts,clients,clients,direct-import,Direct Drizzle schema import in router file.
purchaseOrders,purchaseOrders.ts,products,products,direct-import,Direct Drizzle schema import in router file.
purchaseOrders,purchaseOrders.ts,purchaseOrderItems,purchaseOrderItems,direct-import,Direct Drizzle schema import in router file.
purchaseOrders,purchaseOrders.ts,purchaseOrders,purchaseOrders,direct-import,Direct Drizzle schema import in router file.
purchaseOrders,purchaseOrders.ts,vendors,vendors,direct-import,Direct Drizzle schema import in router file.
purchaseOrders.test,purchaseOrders.test.ts,clients,clients,direct-import,Direct Drizzle schema import in router file.
purchaseOrders.test,purchaseOrders.test.ts,products,products,direct-import,Direct Drizzle schema import in router file.
purchaseOrders.test,purchaseOrders.test.ts,purchaseOrderItems,purchaseOrderItems,direct-import,Direct Drizzle schema import in router file.
purchaseOrders.test,purchaseOrders.test.ts,purchaseOrders,purchaseOrders,direct-import,Direct Drizzle schema import in router file.
quotes,quotes.ts,clients,clients,direct-import,Direct Drizzle schema import in router file.
quotes,quotes.ts,orders,orders,direct-import,Direct Drizzle schema import in router file.
rbac-permissions,rbac-permissions.ts,permissions,permissions,direct-import,Direct Drizzle schema import in router file.
rbac-permissions,rbac-permissions.ts,rolePermissions,rolePermissions,direct-import,Direct Drizzle schema import in router file.
rbac-permissions,rbac-permissions.ts,roles,roles,direct-import,Direct Drizzle schema import in router file.
rbac-permissions,rbac-permissions.ts,userPermissionOverrides,userPermissionOverrides,direct-import,Direct Drizzle schema import in router file.
rbac-roles,rbac-roles.ts,permissions,permissions,direct-import,Direct Drizzle schema import in router file.
rbac-roles,rbac-roles.ts,rolePermissions,rolePermissions,direct-import,Direct Drizzle schema import in router file.
rbac-roles,rbac-roles.ts,roles,roles,direct-import,Direct Drizzle schema import in router file.
rbac-roles,rbac-roles.ts,userRoles,userRoles,direct-import,Direct Drizzle schema import in router file.
rbac-users,rbac-users.ts,permissions,permissions,direct-import,Direct Drizzle schema import in router file.
rbac-users,rbac-users.ts,rolePermissions,rolePermissions,direct-import,Direct Drizzle schema import in router file.
rbac-users,rbac-users.ts,roles,roles,direct-import,Direct Drizzle schema import in router file.
rbac-users,rbac-users.ts,userPermissionOverrides,userPermissionOverrides,direct-import,Direct Drizzle schema import in router file.
rbac-users,rbac-users.ts,userRoles,userRoles,direct-import,Direct Drizzle schema import in router file.
rbacEnhanced,rbacEnhanced.ts,users,users,direct-import,Direct Drizzle schema import in router file.
receipts,receipts.ts,clients,clients,direct-import,Direct Drizzle schema import in router file.
receipts,receipts.ts,receipts,receipts,direct-import,Direct Drizzle schema import in router file.
referrals,referrals.ts,clients,clients,direct-import,Direct Drizzle schema import in router file.
referrals,referrals.ts,orders,orders,direct-import,Direct Drizzle schema import in router file.
referrals,referrals.ts,referralCredits,referralCredits,direct-import,Direct Drizzle schema import in router file.
referrals,referrals.ts,referralCreditSettings,referralCreditSettings,direct-import,Direct Drizzle schema import in router file.
refunds,refunds.ts,returns,returns,direct-import,Direct Drizzle schema import in router file.
refunds,refunds.ts,transactionLinks,transactionLinks,direct-import,Direct Drizzle schema import in router file.
refunds,refunds.ts,transactions,transactions,direct-import,Direct Drizzle schema import in router file.
relationshipProfile,relationshipProfile.ts,batches,batches,direct-import,Direct Drizzle schema import in router file.
relationshipProfile,relationshipProfile.ts,clientActivity,clientActivity,direct-import,Direct Drizzle schema import in router file.
relationshipProfile,relationshipProfile.ts,clientCommunications,clientCommunications,direct-import,Direct Drizzle schema import in router file.
relationshipProfile,relationshipProfile.ts,clientCreditLimits,clientCreditLimits,direct-import,Direct Drizzle schema import in router file.
relationshipProfile,relationshipProfile.ts,clientLedgerAdjustments,clientLedgerAdjustments,direct-import,Direct Drizzle schema import in router file.
relationshipProfile,relationshipProfile.ts,clientNeeds,clientNeeds,direct-import,Direct Drizzle schema import in router file.
relationshipProfile,relationshipProfile.ts,clients,clients,direct-import,Direct Drizzle schema import in router file.
relationshipProfile,relationshipProfile.ts,clientTransactions,clientTransactions,direct-import,Direct Drizzle schema import in router file.
relationshipProfile,relationshipProfile.ts,lots,lots,direct-import,Direct Drizzle schema import in router file.
relationshipProfile,relationshipProfile.ts,orders,orders,direct-import,Direct Drizzle schema import in router file.
relationshipProfile,relationshipProfile.ts,payments,payments,direct-import,Direct Drizzle schema import in router file.
relationshipProfile,relationshipProfile.ts,products,products,direct-import,Direct Drizzle schema import in router file.
relationshipProfile,relationshipProfile.ts,purchaseOrders,purchaseOrders,direct-import,Direct Drizzle schema import in router file.
relationshipProfile,relationshipProfile.ts,salesSheetHistory,salesSheetHistory,direct-import,Direct Drizzle schema import in router file.
relationshipProfile,relationshipProfile.ts,supplierProfiles,supplierProfiles,direct-import,Direct Drizzle schema import in router file.
relationshipProfile,relationshipProfile.ts,users,users,direct-import,Direct Drizzle schema import in router file.
relationshipProfile,relationshipProfile.ts,vendorPayables,vendorPayables,direct-import,Direct Drizzle schema import in router file.
returns,returns.ts,batches,batches,direct-import,Direct Drizzle schema import in router file.
returns,returns.ts,clients,clients,direct-import,Direct Drizzle schema import in router file.
returns,returns.ts,inventoryMovements,inventoryMovements,direct-import,Direct Drizzle schema import in router file.
returns,returns.ts,invoices,invoices,direct-import,Direct Drizzle schema import in router file.
returns,returns.ts,orders,orders,direct-import,Direct Drizzle schema import in router file.
returns,returns.ts,returns,returns,direct-import,Direct Drizzle schema import in router file.
scheduling,scheduling.ts,calendarEvents,calendarEvents,direct-import,Direct Drizzle schema import in router file.
scheduling,scheduling.ts,clients,clients,direct-import,Direct Drizzle schema import in router file.
scheduling,scheduling.ts,users,users,direct-import,Direct Drizzle schema import in router file.
search,search.ts,batches,batches,direct-import,Direct Drizzle schema import in router file.
search,search.ts,clients,clients,direct-import,Direct Drizzle schema import in router file.
search,search.ts,orders,orders,direct-import,Direct Drizzle schema import in router file.
search,search.ts,products,products,direct-import,Direct Drizzle schema import in router file.
serviceBilling,serviceBilling.ts,clients,clients,direct-import,Direct Drizzle schema import in router file.
serviceBilling,serviceBilling.ts,orders,orders,direct-import,Direct Drizzle schema import in router file.
settings,settings.ts,categories,categories,direct-import,Direct Drizzle schema import in router file.
settings,settings.ts,grades,grades,direct-import,Direct Drizzle schema import in router file.
settings,settings.ts,locations,locations,direct-import,Direct Drizzle schema import in router file.
settings,settings.ts,products,products,direct-import,Direct Drizzle schema import in router file.
settings,settings.ts,subcategories,subcategories,direct-import,Direct Drizzle schema import in router file.
storage,storage.ts,batches,batches,direct-import,Direct Drizzle schema import in router file.
storage,storage.ts,products,products,direct-import,Direct Drizzle schema import in router file.
storage,storage.ts,users,users,direct-import,Direct Drizzle schema import in router file.
tags,tags.ts,clientTags,clientTags,direct-import,Direct Drizzle schema import in router file.
tags,tags.ts,productTags,productTags,direct-import,Direct Drizzle schema import in router file.
tags,tags.ts,tags,tags,direct-import,Direct Drizzle schema import in router file.
timeOffRequests,timeOffRequests.ts,calendarEvents,calendarEvents,direct-import,Direct Drizzle schema import in router file.
timeOffRequests,timeOffRequests.ts,timeOffRequests,timeOffRequests,direct-import,Direct Drizzle schema import in router file.
timeOffRequests,timeOffRequests.ts,users,users,direct-import,Direct Drizzle schema import in router file.
transactionFees,transactionFees.ts,clients,clients,direct-import,Direct Drizzle schema import in router file.
transactionFees,transactionFees.ts,orders,orders,direct-import,Direct Drizzle schema import in router file.
unifiedSalesPortal,unifiedSalesPortal.ts,clients,clients,direct-import,Direct Drizzle schema import in router file.
unifiedSalesPortal,unifiedSalesPortal.ts,orders,orders,direct-import,Direct Drizzle schema import in router file.
unifiedSalesPortal,unifiedSalesPortal.ts,salesSheetHistory,salesSheetHistory,direct-import,Direct Drizzle schema import in router file.
unifiedSalesPortal,unifiedSalesPortal.ts,users,users,direct-import,Direct Drizzle schema import in router file.
userManagement,userManagement.ts,users,users,direct-import,Direct Drizzle schema import in router file.
users,users.ts,users,users,direct-import,Direct Drizzle schema import in router file.
vendorPayables,vendorPayables.ts,batches,batches,direct-import,Direct Drizzle schema import in router file.
vendorPayables,vendorPayables.ts,clients,clients,direct-import,Direct Drizzle schema import in router file.
vendorPayables,vendorPayables.ts,lots,lots,direct-import,Direct Drizzle schema import in router file.
vendorPayables,vendorPayables.ts,payableNotifications,payableNotifications,direct-import,Direct Drizzle schema import in router file.
vendorPayables,vendorPayables.ts,users,users,direct-import,Direct Drizzle schema import in router file.
vendorPayables,vendorPayables.ts,vendorPayables,vendorPayables,direct-import,Direct Drizzle schema import in router file.
vendorReminders,vendorReminders.ts,vendorHarvestReminders,vendorHarvestReminders,direct-import,Direct Drizzle schema import in router file.
vendorReminders,vendorReminders.ts,vendors,vendors,direct-import,Direct Drizzle schema import in router file.
vendors,vendors.ts,vendorNotes,vendorNotes,direct-import,Direct Drizzle schema import in router file.
vipPortal,vipPortal.ts,appointmentRequests,appointmentRequests,direct-import,Direct Drizzle schema import in router file.
vipPortal,vipPortal.ts,appointmentTypes,appointmentTypes,direct-import,Direct Drizzle schema import in router file.
vipPortal,vipPortal.ts,batches,batches,direct-import,Direct Drizzle schema import in router file.
vipPortal,vipPortal.ts,billLineItems,billLineItems,direct-import,Direct Drizzle schema import in router file.
vipPortal,vipPortal.ts,bills,bills,direct-import,Direct Drizzle schema import in router file.
vipPortal,vipPortal.ts,calendarAvailability,calendarAvailability,direct-import,Direct Drizzle schema import in router file.
vipPortal,vipPortal.ts,calendarBlockedDates,calendarBlockedDates,direct-import,Direct Drizzle schema import in router file.
vipPortal,vipPortal.ts,calendarEvents,calendarEvents,direct-import,Direct Drizzle schema import in router file.
vipPortal,vipPortal.ts,calendars,calendars,direct-import,Direct Drizzle schema import in router file.
vipPortal,vipPortal.ts,clientCatalogViews,clientCatalogViews,direct-import,Direct Drizzle schema import in router file.
vipPortal,vipPortal.ts,clientDraftInterests,clientDraftInterests,direct-import,Direct Drizzle schema import in router file.
vipPortal,vipPortal.ts,clientInterestListItems,clientInterestListItems,direct-import,Direct Drizzle schema import in router file.
vipPortal,vipPortal.ts,clientInterestLists,clientInterestLists,direct-import,Direct Drizzle schema import in router file.
vipPortal,vipPortal.ts,clientNeeds,clientNeeds,direct-import,Direct Drizzle schema import in router file.
vipPortal,vipPortal.ts,clients,clients,direct-import,Direct Drizzle schema import in router file.
vipPortal,vipPortal.ts,clientTransactions,clientTransactions,direct-import,Direct Drizzle schema import in router file.
vipPortal,vipPortal.ts,invoiceLineItems,invoiceLineItems,direct-import,Direct Drizzle schema import in router file.
vipPortal,vipPortal.ts,invoices,invoices,direct-import,Direct Drizzle schema import in router file.
vipPortal,vipPortal.ts,products,products,direct-import,Direct Drizzle schema import in router file.
vipPortal,vipPortal.ts,vendorSupply,vendorSupply,direct-import,Direct Drizzle schema import in router file.
vipPortal,vipPortal.ts,vipPortalAuth,vipPortalAuth,direct-import,Direct Drizzle schema import in router file.
vipPortal,vipPortal.ts,vipPortalConfigurations,vipPortalConfigurations,direct-import,Direct Drizzle schema import in router file.
vipPortal.appointments.test,vipPortal.appointments.test.ts,appointmentTypes,appointmentTypes,direct-import,Direct Drizzle schema import in router file.
vipPortal.appointments.test,vipPortal.appointments.test.ts,billLineItems,billLineItems,direct-import,Direct Drizzle schema import in router file.
vipPortal.appointments.test,vipPortal.appointments.test.ts,bills,bills,direct-import,Direct Drizzle schema import in router file.
vipPortal.appointments.test,vipPortal.appointments.test.ts,calendarAvailability,calendarAvailability,direct-import,Direct Drizzle schema import in router file.
vipPortal.appointments.test,vipPortal.appointments.test.ts,calendars,calendars,direct-import,Direct Drizzle schema import in router file.
vipPortal.appointments.test,vipPortal.appointments.test.ts,clients,clients,direct-import,Direct Drizzle schema import in router file.
vipPortal.appointments.test,vipPortal.appointments.test.ts,invoiceLineItems,invoiceLineItems,direct-import,Direct Drizzle schema import in router file.
vipPortal.appointments.test,vipPortal.appointments.test.ts,invoices,invoices,direct-import,Direct Drizzle schema import in router file.
vipPortal.appointments.test,vipPortal.appointments.test.ts,notifications,notifications,direct-import,Direct Drizzle schema import in router file.
vipPortal.appointments.test,vipPortal.appointments.test.ts,users,users,direct-import,Direct Drizzle schema import in router file.
vipPortal.appointments.test,vipPortal.appointments.test.ts,vipPortalAuth,vipPortalAuth,direct-import,Direct Drizzle schema import in router file.
vipPortalAdmin.liveCatalog.test,vipPortalAdmin.liveCatalog.test.ts,clients,clients,direct-import,Direct Drizzle schema import in router file.
vipPortalAdmin.liveCatalog.test,vipPortalAdmin.liveCatalog.test.ts,vipPortalConfigurations,vipPortalConfigurations,direct-import,Direct Drizzle schema import in router file.
vipPortalLiveShopping,vipPortalLiveShopping.ts,batches,batches,direct-import,Direct Drizzle schema import in router file.
vipPortalLiveShopping,vipPortalLiveShopping.ts,products,products,direct-import,Direct Drizzle schema import in router file.
warehouseTransfers,warehouseTransfers.ts,batchLocations,batchLocations,direct-import,Direct Drizzle schema import in router file.
warehouseTransfers,warehouseTransfers.ts,inventoryMovements,inventoryMovements,direct-import,Direct Drizzle schema import in router file.
