Domain,Entity,Flow Name,Archetype,tRPC Procedure,Type,Procedure Wrapper,Permissions,Permission Mode,Roles,UI Entry Paths,Business Purpose,Implementation Status,Known Issues,Router File
Accounting,Invoices,List Invoices,View/Search,invoices.list,query,protectedProcedure,accounting:read,all,"Super Admin, Accounting Manager",/accounting/invoices,List invoices with optional filters and pagination,Client-wired,,server/routers/invoices.ts
Accounting,Invoices,Get Invoice By ID,View/Search,invoices.getById,query,protectedProcedure,accounting:read,all,"Super Admin, Accounting Manager",/accounting/invoices/:id,Get invoice by ID with line items,Client-wired,,server/routers/invoices.ts
Accounting,Invoices,Generate From Order,Create,invoices.generateFromOrder,mutation,protectedProcedure,accounting:create,all,"Super Admin, Accounting Manager",/orders/:id → Generate Invoice,Generate invoice from completed order,Client-wired,,server/routers/invoices.ts
Accounting,Invoices,Update Status,State Transition,invoices.updateStatus,mutation,protectedProcedure,accounting:update,all,"Super Admin, Accounting Manager",/accounting/invoices/:id,Update invoice status (DRAFT→SENT→PAID etc),Client-wired,,server/routers/invoices.ts
Accounting,Invoices,Mark Sent,State Transition,invoices.markSent,mutation,protectedProcedure,accounting:update,all,"Super Admin, Accounting Manager",/accounting/invoices/:id,Mark invoice as sent to customer,Client-wired,,server/routers/invoices.ts
Accounting,Invoices,Void Invoice,State Transition,invoices.void,mutation,protectedProcedure,accounting:delete,all,"Super Admin, Accounting Manager",/accounting/invoices/:id,Void an invoice (cannot be reversed),Client-wired,,server/routers/invoices.ts
Accounting,Invoices,Get Summary,Report,invoices.getSummary,query,protectedProcedure,accounting:read,all,"Super Admin, Accounting Manager",/accounting/dashboard,Get invoice summary statistics,Client-wired,,server/routers/invoices.ts
Accounting,Invoices,Check Overdue,Action,invoices.checkOverdue,mutation,protectedProcedure,accounting:update,all,"Super Admin, Accounting Manager",Background/Scheduled,Check and update overdue invoice statuses,API-only,,server/routers/invoices.ts
Accounting,Payments,Preview Balance,View/Search,accounting.previewPaymentBalance,query,protectedProcedure,accounting:read,all,"Super Admin, Accounting Manager",/accounting/payments,WS-001: Preview client balance before payment,API-only,Permission string not in RBAC seed,server/routers/accounting.ts
Accounting,Payments,Receive Client Payment,Action,accounting.receiveClientPayment,mutation,protectedProcedure,accounting:create,all,"Super Admin, Accounting Manager",/accounting/payments,WS-001: Receive client payment (cash drop-off),API-only,Permission string not in RBAC seed,server/routers/accounting.ts
Accounting,Payments,Pay Vendor,Action,accounting.payVendor,mutation,protectedProcedure,accounting:create,all,"Super Admin, Accounting Manager",/accounting/payments,WS-002: Pay vendor (cash out),API-only,Permission string not in RBAC seed,server/routers/accounting.ts
Accounting,Payments,Record Payment,Action,accounting.recordPayment,mutation,protectedProcedure,accounting:update,all,"Super Admin, Accounting Manager",/accounting/payments,Record payment against invoice or bill,API-only,Permission string not in RBAC seed,server/routers/accounting.ts
Accounting,AR Summary,Get AR Summary,Report,accounting.getARSummary,query,protectedProcedure,accounting:read,all,"Super Admin, Accounting Manager",/accounting/dashboard,Get comprehensive AR summary with aging and top debtors,API-only,Permission string not in RBAC seed,server/routers/accounting.ts
Accounting,AR Summary,Get AR Aging,Report,accounting.getARAging,query,protectedProcedure,accounting:read,all,"Super Admin, Accounting Manager",/accounting/dashboard,Get AR aging buckets (0-30, 31-60, 61-90, 90+),API-only,Permission string not in RBAC seed,server/routers/accounting.ts
Accounting,AR Summary,Get Outstanding Receivables,Report,accounting.getOutstandingReceivables,query,protectedProcedure,accounting:read,all,"Super Admin, Accounting Manager",/accounting/dashboard,Get list of outstanding receivables,API-only,Permission string not in RBAC seed,server/routers/accounting.ts
Accounting,AR Summary,Get Overdue Invoices,Report,accounting.getOverdueInvoices,query,protectedProcedure,accounting:read,all,"Super Admin, Accounting Manager",/accounting/dashboard,Get list of overdue invoices,API-only,Permission string not in RBAC seed,server/routers/accounting.ts
Accounting,AR Summary,Get Client Statement,Report,accounting.getClientStatement,query,protectedProcedure,accounting:read,all,"Super Admin, Accounting Manager",/accounting/clients/:id,Get client statement with invoices and payments,API-only,Permission string not in RBAC seed,server/routers/accounting.ts
Accounting,AP Summary,Get AP Summary,Report,accounting.getAPSummary,query,protectedProcedure,accounting:read,all,"Super Admin, Accounting Manager",/accounting/dashboard,Get comprehensive AP summary by vendor,API-only,Permission string not in RBAC seed,server/routers/accounting.ts
Accounting,AP Summary,Get AP Aging,Report,accounting.getAPAging,query,protectedProcedure,accounting:read,all,"Super Admin, Accounting Manager",/accounting/dashboard,Get AP aging buckets,API-only,Permission string not in RBAC seed,server/routers/accounting.ts
Accounting,AP Summary,Get Outstanding Payables,Report,accounting.getOutstandingPayables,query,protectedProcedure,accounting:read,all,"Super Admin, Accounting Manager",/accounting/dashboard,Get list of outstanding payables,API-only,Permission string not in RBAC seed,server/routers/accounting.ts
Accounting,AP Summary,Get Overdue Bills,Report,accounting.getOverdueBills,query,protectedProcedure,accounting:read,all,"Super Admin, Accounting Manager",/accounting/dashboard,Get list of overdue bills,API-only,Permission string not in RBAC seed,server/routers/accounting.ts
Accounting,Bank Accounts,List Bank Accounts,View/Search,accounting.list,query,protectedProcedure,accounting:read,all,"Super Admin, Accounting Manager",/accounting/bank-accounts,List all bank accounts,API-only,Permission string not in RBAC seed,server/routers/accounting.ts
Accounting,Bank Accounts,Get Bank Account,View/Search,accounting.getById,query,protectedProcedure,accounting:read,all,"Super Admin, Accounting Manager",/accounting/bank-accounts/:id,Get bank account by ID,API-only,Permission string not in RBAC seed,server/routers/accounting.ts
Accounting,Bank Accounts,Create Bank Account,Create,accounting.create,mutation,protectedProcedure,accounting:create,all,"Super Admin, Accounting Manager",/accounting/bank-accounts/new,Create new bank account,API-only,Permission string not in RBAC seed,server/routers/accounting.ts
Accounting,Bank Accounts,Update Balance,Update,accounting.updateBalance,mutation,protectedProcedure,accounting:update,all,"Super Admin, Accounting Manager",/accounting/bank-accounts/:id,Update bank account balance,API-only,Permission string not in RBAC seed,server/routers/accounting.ts
Accounting,Bank Accounts,Get Total Cash Balance,Report,accounting.getTotalCashBalance,query,protectedProcedure,accounting:read,all,"Super Admin, Accounting Manager",/accounting/dashboard,Get total cash balance across all accounts,API-only,Permission string not in RBAC seed,server/routers/accounting.ts
Accounting,Bank Transactions,List Transactions,View/Search,accounting.list,query,protectedProcedure,accounting:read,all,"Super Admin, Accounting Manager",/accounting/bank-transactions,List bank transactions,API-only,Permission string not in RBAC seed,server/routers/accounting.ts
Accounting,Bank Transactions,Create Transaction,Create,accounting.create,mutation,protectedProcedure,accounting:create,all,"Super Admin, Accounting Manager",/accounting/bank-transactions/new,Create bank transaction,API-only,Permission string not in RBAC seed,server/routers/accounting.ts
Accounting,Bank Transactions,Reconcile,Action,accounting.reconcile,mutation,protectedProcedure,accounting:update,all,"Super Admin, Accounting Manager",/accounting/bank-transactions,Reconcile bank transaction,API-only,Permission string not in RBAC seed,server/routers/accounting.ts
Accounting,Bank Transactions,Get Unreconciled,Report,accounting.getUnreconciled,query,protectedProcedure,accounting:read,all,"Super Admin, Accounting Manager",/accounting/bank-transactions,Get unreconciled transactions,API-only,Permission string not in RBAC seed,server/routers/accounting.ts
Accounting,Bank Transactions,Get Balance At Date,Report,accounting.getBalanceAtDate,query,protectedProcedure,accounting:read,all,"Super Admin, Accounting Manager",/accounting/bank-transactions,Get balance at specific date,API-only,Permission string not in RBAC seed,server/routers/accounting.ts
Accounting,Fiscal Periods,List Periods,View/Search,accounting.list,query,protectedProcedure,accounting:read,all,"Super Admin, Accounting Manager",/accounting/fiscal-periods,List fiscal periods,API-only,Permission string not in RBAC seed,server/routers/accounting.ts
Accounting,Fiscal Periods,Get Current Period,View/Search,accounting.getCurrent,query,protectedProcedure,accounting:read,all,"Super Admin, Accounting Manager",/accounting/fiscal-periods,Get current fiscal period,API-only,Permission string not in RBAC seed,server/routers/accounting.ts
Accounting,Fiscal Periods,Create Period,Create,accounting.create,mutation,protectedProcedure,accounting:create,all,"Super Admin, Accounting Manager",/accounting/fiscal-periods/new,Create fiscal period,API-only,Permission string not in RBAC seed,server/routers/accounting.ts
Accounting,Fiscal Periods,Close Period,State Transition,accounting.close,mutation,protectedProcedure,accounting:update,all,"Super Admin, Accounting Manager",/accounting/fiscal-periods/:id,Close fiscal period (OPEN→CLOSED),API-only,Permission string not in RBAC seed,server/routers/accounting.ts
Accounting,Fiscal Periods,Lock Period,State Transition,accounting.lock,mutation,protectedProcedure,accounting:update,all,"Super Admin, Accounting Manager",/accounting/fiscal-periods/:id,Lock fiscal period (CLOSED→LOCKED),API-only,Permission string not in RBAC seed,server/routers/accounting.ts
Accounting,Fiscal Periods,Reopen Period,State Transition,accounting.reopen,mutation,protectedProcedure,accounting:update,all,"Super Admin, Accounting Manager",/accounting/fiscal-periods/:id,Reopen fiscal period,API-only,Permission string not in RBAC seed,server/routers/accounting.ts
Accounting,General Ledger,Get Chart of Accounts,View/Search,accounting.getChartOfAccounts,query,protectedProcedure,accounting:read,all,"Super Admin, Accounting Manager",/accounting/chart-of-accounts,Get chart of accounts,API-only,Permission string not in RBAC seed,server/routers/accounting.ts
Accounting,General Ledger,Post Journal Entry,Create,accounting.postJournalEntry,mutation,protectedProcedure,accounting:create,all,"Super Admin, Accounting Manager",/accounting/general-ledger,Post journal entry,API-only,Permission string not in RBAC seed,server/routers/accounting.ts
Accounting,General Ledger,Get Trial Balance,Report,accounting.getTrialBalance,query,protectedProcedure,accounting:read,all,"Super Admin, Accounting Manager",/accounting/general-ledger,Get trial balance report,API-only,Permission string not in RBAC seed,server/routers/accounting.ts
Accounting,General Ledger,Get Balance,Report,accounting.getBalance,query,protectedProcedure,accounting:read,all,"Super Admin, Accounting Manager",/accounting/chart-of-accounts/:id,Get account balance,API-only,Permission string not in RBAC seed,server/routers/accounting.ts
Accounting,Expenses,List Expenses,View/Search,accounting.list,query,protectedProcedure,accounting:read,all,"Super Admin, Accounting Manager",/accounting/expenses,List expenses,API-only,Permission string not in RBAC seed,server/routers/accounting.ts
Accounting,Expenses,Create Expense,Create,accounting.create,mutation,protectedProcedure,accounting:create,all,"Super Admin, Accounting Manager",/accounting/expenses/new,Create expense record,API-only,Permission string not in RBAC seed,server/routers/accounting.ts
Accounting,Expenses,Update Expense,Update,accounting.update,mutation,protectedProcedure,accounting:update,all,"Super Admin, Accounting Manager",/accounting/expenses/:id,Update expense,API-only,Permission string not in RBAC seed,server/routers/accounting.ts
Accounting,Expenses,Mark Reimbursed,State Transition,accounting.markReimbursed,mutation,protectedProcedure,accounting:update,all,"Super Admin, Accounting Manager",/accounting/expenses/:id,Mark expense as reimbursed,API-only,Permission string not in RBAC seed,server/routers/accounting.ts
Accounting,Expenses,Get Pending Reimbursements,Report,accounting.getPendingReimbursements,query,protectedProcedure,accounting:read,all,"Super Admin, Accounting Manager",/accounting/expenses,Get pending reimbursements,API-only,Permission string not in RBAC seed,server/routers/accounting.ts
Accounting,Expenses,Get Breakdown By Category,Report,accounting.getBreakdownByCategory,query,protectedProcedure,accounting:read,all,"Super Admin, Accounting Manager",/accounting/expenses,Get expense breakdown by category,API-only,Permission string not in RBAC seed,server/routers/accounting.ts
Accounting,Expenses,Get Total Expenses,Report,accounting.getTotalExpenses,query,protectedProcedure,accounting:read,all,"Super Admin, Accounting Manager",/accounting/dashboard,Get total expenses for period,API-only,Permission string not in RBAC seed,server/routers/accounting.ts
Accounting,Bad Debt,Write Off,Action,badDebt.writeOff,mutation,protectedProcedure,accounting:manage,all,"Super Admin, Accounting Manager",,Write off bad debt,API-only,Permission string not in RBAC seed,server/routers/badDebt.ts
Accounting,Bad Debt,Reverse Write-Off,Action,badDebt.reverse,mutation,protectedProcedure,accounting:manage,all,"Super Admin, Accounting Manager",,Reverse bad debt write-off,API-only,Permission string not in RBAC seed,server/routers/badDebt.ts
Accounting,Bad Debt,Get By Client,View/Search,badDebt.getByClient,query,protectedProcedure,accounting:manage,all,"Super Admin, Accounting Manager",,Get bad debt by client,API-only,Permission string not in RBAC seed,server/routers/badDebt.ts
Accounting,Bad Debt,Get Aging Report,Report,badDebt.getAgingReport,query,protectedProcedure,accounting:manage,all,"Super Admin, Accounting Manager",,Get bad debt aging report,API-only,Permission string not in RBAC seed,server/routers/badDebt.ts
CRM,Clients,List Clients,View/Search,clients.list,query,protectedProcedure,clients:read,all,"Super Admin, Sales Manager, Sales Rep",/clients,List clients with pagination and filters,Client-wired,,server/routers/clients.ts
CRM,Clients,Get Client Count,View/Search,clients.count,query,protectedProcedure,clients:read,all,"Super Admin, Sales Manager, Sales Rep",/clients,Get total count of clients matching filters,Client-wired,,server/routers/clients.ts
CRM,Clients,Get Client By ID,View/Search,clients.getById,query,protectedProcedure,clients:read,all,"Super Admin, Sales Manager, Sales Rep",/clients/:id,Get single client by ID with all details,Client-wired,,server/routers/clients.ts
CRM,Clients,Get By TERI Code,View/Search,clients.getByTeriCode,query,protectedProcedure,clients:read,all,"Super Admin, Sales Manager, Sales Rep",/clients,Get client by TERI code,Client-wired,,server/routers/clients.ts
CRM,Clients,Check TERI Code Available,Validation,clients.checkTeriCodeAvailable,query,protectedProcedure,clients:read,all,"Super Admin, Sales Manager, Sales Rep",/clients/new,Check if TERI code is available,Client-wired,,server/routers/clients.ts
CRM,Clients,Create Client,Create,clients.create,mutation,protectedProcedure,clients:create,all,"Super Admin, Sales Manager",/clients/new,Create new client,Client-wired,,server/routers/clients.ts
CRM,Clients,Update Client,Update,clients.update,mutation,protectedProcedure,clients:update,all,"Super Admin, Sales Manager",/clients/:id,Update client with optimistic locking,Client-wired,,server/routers/clients.ts
CRM,Clients,Delete Client,Delete,clients.delete,mutation,protectedProcedure,clients:delete,all,"Super Admin",/clients/:id,Hard delete client,Client-wired,,server/routers/clients.ts
CRM,Clients,Archive Client,Delete/Archive,clients.archive,mutation,protectedProcedure,clients:delete,all,"Super Admin, Sales Manager",/clients/:id,Soft delete/archive client,Client-wired,,server/routers/clients.ts
CRM,Supplier Profiles,Get Supplier Profile,View/Search,clients.getSupplierProfile,query,protectedProcedure,clients:read,all,"Super Admin, Purchasing Manager",/clients/:id,Get supplier profile for seller client,Client-wired,,server/routers/clients.ts
CRM,Supplier Profiles,Update Supplier Profile,Update,clients.updateSupplierProfile,mutation,protectedProcedure,clients:update,all,"Super Admin, Purchasing Manager",/clients/:id,Update supplier profile,Client-wired,,server/routers/clients.ts
CRM,Client Transactions,List Transactions,View/Search,clients.transactions.list,query,protectedProcedure,clients:read,all,"Super Admin, Sales Manager, Sales Rep",/clients/:id/transactions,List transactions for client,Client-wired,,server/routers/clients.ts
CRM,Client Transactions,Get Transaction By ID,View/Search,clients.transactions.getById,query,protectedProcedure,clients:read,all,"Super Admin, Sales Manager, Sales Rep",/clients/:id/transactions/:txId,Get transaction by ID,Client-wired,,server/routers/clients.ts
CRM,Client Transactions,Create Transaction,Create,clients.transactions.create,mutation,protectedProcedure,clients:create,all,"Super Admin, Sales Manager",/clients/:id/transactions,Create transaction,Client-wired,,server/routers/clients.ts
CRM,Client Transactions,Update Transaction,Update,clients.transactions.update,mutation,protectedProcedure,clients:update,all,"Super Admin, Sales Manager",/clients/:id/transactions/:txId,Update transaction,Client-wired,,server/routers/clients.ts
CRM,Client Transactions,Record Payment,Action,clients.transactions.recordPayment,mutation,protectedProcedure,clients:read,all,"Super Admin, Sales Manager, Sales Rep",/clients/:id/transactions,Record payment against transaction,Client-wired,,server/routers/clients.ts
CRM,Client Transactions,Delete Transaction,Delete,clients.transactions.delete,mutation,protectedProcedure,clients:delete,all,"Super Admin",/clients/:id/transactions/:txId,Delete transaction,Client-wired,,server/routers/clients.ts
CRM,Client Transactions,Link Transactions,Action,clients.transactions.linkTransaction,mutation,protectedProcedure,clients:read,all,"Super Admin, Sales Manager",/clients/:id/transactions,Link transactions (refund to invoice etc),Client-wired,,server/routers/clients.ts
CRM,Client Transactions,Get With Relationships,View/Search,clients.transactions.getWithRelationships,query,protectedProcedure,clients:read,all,"Super Admin, Sales Manager, Sales Rep",/clients/:id/transactions/:txId,Get transaction with linked relationships,Client-wired,,server/routers/clients.ts
CRM,Client Transactions,Get History,View/Search,clients.transactions.getHistory,query,protectedProcedure,clients:read,all,"Super Admin, Sales Manager, Sales Rep",/clients/:id/transactions,Get client transaction history,Client-wired,,server/routers/clients.ts
CRM,Client Activity,List Activity,View/Search,clients.activity.list,query,protectedProcedure,clients:read,all,"Super Admin, Sales Manager, Sales Rep",/clients/:id/activity,List client activity log,Client-wired,,server/routers/clients.ts
CRM,Client Tags,Get All Tags,View/Search,clients.tags.getAll,query,protectedProcedure,clients:read,all,"Super Admin, Sales Manager, Sales Rep",/clients,Get all client tags,Client-wired,,server/routers/clients.ts
CRM,Client Tags,Add Tag,Create,clients.tags.add,mutation,protectedProcedure,clients:create,all,"Super Admin, Sales Manager",/clients/:id,Add tag to client,Client-wired,,server/routers/clients.ts
CRM,Client Tags,Remove Tag,Delete,clients.tags.remove,mutation,protectedProcedure,clients:delete,all,"Super Admin, Sales Manager",/clients/:id,Remove tag from client,Client-wired,,server/routers/clients.ts
CRM,Client Notes,Get Note ID,View/Search,clients.notes.getNoteId,query,protectedProcedure,clients:read,all,"Super Admin, Sales Manager, Sales Rep",/clients/:id/notes,Get client's linked note ID,Client-wired,,server/routers/clients.ts
CRM,Client Notes,Link Note,Action,clients.notes.linkNote,mutation,protectedProcedure,clients:read,all,"Super Admin, Sales Manager",/clients/:id/notes,Link freeform note to client,Client-wired,,server/routers/clients.ts
CRM,Client Communications,List Communications,View/Search,clients.communications.list,query,protectedProcedure,clients:read,all,"Super Admin, Sales Manager, Sales Rep",/clients/:id/communications,List client communications,Client-wired,,server/routers/clients.ts
CRM,Client Communications,Add Communication,Create,clients.communications.add,mutation,protectedProcedure,clients:create,all,"Super Admin, Sales Manager, Sales Rep",/clients/:id/communications,Add communication log entry,Client-wired,,server/routers/clients.ts
Inventory,Batches,List Batches,View/Search,batches.list,query,protectedProcedure,inventory:read,all,"Super Admin, Inventory Manager, Sales Rep",/inventory,List batches with filters and pagination,Client-wired,,server/routers/batches.ts
Inventory,Batches,Get Batch By ID,View/Search,batches.getById,query,protectedProcedure,inventory:read,all,"Super Admin, Inventory Manager, Sales Rep",/inventory/:id,Get batch by ID with full details,Client-wired,,server/routers/batches.ts
Inventory,Batches,Create Batch,Create,batches.create,mutation,protectedProcedure,inventory:create,all,"Super Admin, Inventory Manager",/inventory/new,Create new batch,Client-wired,,server/routers/batches.ts
Inventory,Batches,Update Batch,Update,batches.update,mutation,protectedProcedure,inventory:update,all,"Super Admin, Inventory Manager",/inventory/:id,Update batch with optimistic locking,Client-wired,,server/routers/batches.ts
Inventory,Batches,Delete Batch,Delete,batches.delete,mutation,protectedProcedure,inventory:delete,all,"Super Admin",/inventory/:id,Delete batch (soft delete),Client-wired,,server/routers/batches.ts
Inventory,Batches,Update Status,State Transition,batches.updateStatus,mutation,protectedProcedure,inventory:update,all,"Super Admin, Inventory Manager",/inventory/:id,Update batch status (AWAITING_INTAKE→LIVE etc),Client-wired,,server/routers/batches.ts
Inventory,Batches,Get Available Quantity,View/Search,batches.getAvailableQuantity,query,protectedProcedure,inventory:read,all,"Super Admin, Inventory Manager, Sales Rep",/inventory/:id,Get available quantity for batch,Client-wired,,server/routers/batches.ts
Inventory,Movements,Record Movement,Create,inventoryMovements.record,mutation,protectedProcedure,inventory:read,all,"Super Admin, Inventory Manager",/inventory/:id,Record inventory movement,Client-wired,,server/routers/inventoryMovements.ts
Inventory,Movements,Decrease Inventory,Action,inventoryMovements.decrease,mutation,protectedProcedure,inventory:read,all,"Super Admin, Inventory Manager, Sales Rep",/inventory/:id,Decrease inventory quantity,Client-wired,,server/routers/inventoryMovements.ts
Inventory,Movements,Increase Inventory,Action,inventoryMovements.increase,mutation,protectedProcedure,inventory:read,all,"Super Admin, Inventory Manager",/inventory/:id,Increase inventory quantity,Client-wired,,server/routers/inventoryMovements.ts
Inventory,Movements,Adjust Inventory,Action,inventoryMovements.adjust,mutation,protectedProcedure,inventory:read,all,"Super Admin, Inventory Manager",/inventory/:id,Adjust inventory quantity with reason,Client-wired,,server/routers/inventoryMovements.ts
Inventory,Movements,Get By Batch,View/Search,inventoryMovements.getByBatch,query,protectedProcedure,inventory:read,all,"Super Admin, Inventory Manager",/inventory/:id/movements,Get movements for batch,Client-wired,,server/routers/inventoryMovements.ts
Inventory,Movements,Get By Reference,View/Search,inventoryMovements.getByReference,query,protectedProcedure,inventory:read,all,"Super Admin, Inventory Manager",/inventory/movements,Get movements by reference,Client-wired,,server/routers/inventoryMovements.ts
Inventory,Movements,Validate Availability,Validation,inventoryMovements.validateAvailability,query,protectedProcedure,inventory:read,all,"Super Admin, Inventory Manager, Sales Rep",,Validate inventory availability before action,Client-wired,,server/routers/inventoryMovements.ts
Inventory,Movements,Get Summary,Report,inventoryMovements.getSummary,query,protectedProcedure,inventory:read,all,"Super Admin, Inventory Manager",/inventory/reports,Get inventory movement summary,Client-wired,,server/routers/inventoryMovements.ts
Inventory,Movements,Reverse Movement,Action,inventoryMovements.reverse,mutation,protectedProcedure,inventory:read,all,"Super Admin, Inventory Manager",/inventory/:id/movements,Reverse inventory movement,Client-wired,,server/routers/inventoryMovements.ts
Inventory,COGS,Get COGS,View/Search,cogs.getCOGS,query,protectedProcedure,(none),all,"Super Admin, Inventory Manager, Accounting Manager",/inventory/:id,Get COGS for batch,Client-wired,,server/routers/cogs.ts
Inventory,COGS,Calculate Impact,View/Search,cogs.calculateImpact,query,protectedProcedure,(none),all,"Super Admin, Inventory Manager, Accounting Manager",/inventory/:id,Calculate impact of COGS change,Client-wired,,server/routers/cogs.ts
Inventory,COGS,Update Batch COGS,Update,cogs.updateBatchCogs,mutation,protectedProcedure,(none),all,"Super Admin, Inventory Manager, Accounting Manager",/inventory/:id,Update batch COGS with audit trail,Client-wired,,server/routers/cogs.ts
Inventory,COGS,Get History,View/Search,cogs.getHistory,query,protectedProcedure,(none),all,"Super Admin, Inventory Manager, Accounting Manager",/inventory/:id,Get COGS change history,Client-wired,,server/routers/cogs.ts
Inventory,COGS,Get COGS By Batch,Report,cogs.getCOGSByBatch,query,protectedProcedure,(none),all,"Super Admin, Inventory Manager, Accounting Manager",/inventory/reports,Get COGS aggregated by batch,Client-wired,,server/routers/cogs.ts
Inventory,Products,List Products,View/Search,productCatalogue.list,query,protectedProcedure,(none),all,"Super Admin, Inventory Manager, Sales Rep",/products,List products in catalogue,Client-wired,,server/routers/productCatalogue.ts
Inventory,Products,Get Product By ID,View/Search,productCatalogue.getById,query,protectedProcedure,(none),all,"Super Admin, Inventory Manager, Sales Rep",/products/:id,Get product by ID,Client-wired,,server/routers/productCatalogue.ts
Inventory,Products,Create Product,Create,productCatalogue.create,mutation,protectedProcedure,(none),all,"Super Admin, Inventory Manager",/products/new,Create product,Client-wired,,server/routers/productCatalogue.ts
Inventory,Products,Update Product,Update,productCatalogue.update,mutation,protectedProcedure,(none),all,"Super Admin, Inventory Manager",/products/:id,Update product,Client-wired,,server/routers/productCatalogue.ts
Inventory,Products,Delete Product,Delete,productCatalogue.delete,mutation,protectedProcedure,(none),all,"Super Admin, Inventory Manager",/products/:id,Delete product (soft delete),Client-wired,,server/routers/productCatalogue.ts
Inventory,Products,Restore Product,Action,productCatalogue.restore,mutation,protectedProcedure,(none),all,"Super Admin, Inventory Manager",/products/:id,Restore deleted product,Client-wired,,server/routers/productCatalogue.ts
Inventory,Products,Get Categories,View/Search,productCatalogue.getCategories,query,protectedProcedure,(none),all,"Super Admin, Inventory Manager, Sales Rep",/products,Get product categories,Client-wired,,server/routers/productCatalogue.ts
Inventory,Products,Get Brands,View/Search,productCatalogue.getBrands,query,protectedProcedure,(none),all,"Super Admin, Inventory Manager, Sales Rep",/products,Get product brands,Client-wired,,server/routers/productCatalogue.ts
Inventory,Strains,List Strains,View/Search,strains.list,query,protectedProcedure,inventory:read,all,"Super Admin, Inventory Manager, Sales Rep",/strains,List all strains with pagination,Client-wired,,server/routers/strains.ts
Inventory,Strains,Get Strain By ID,View/Search,strains.getById,query,protectedProcedure,inventory:read,all,"Super Admin, Inventory Manager, Sales Rep",/strains/:id,Get strain by ID,Client-wired,,server/routers/strains.ts
Inventory,Strains,Search Strains,View/Search,strains.search,query,protectedProcedure,inventory:read,all,"Super Admin, Inventory Manager, Sales Rep",/strains,Search strains for autocomplete,Client-wired,,server/routers/strains.ts
Inventory,Strains,Create Strain,Create,strains.create,mutation,protectedProcedure,inventory:create,all,"Super Admin, Inventory Manager",/strains/new,Create custom strain,Client-wired,,server/routers/strains.ts
Inventory,Strains,Get Family,View/Search,strains.getFamily,query,protectedProcedure,inventory:read,all,"Super Admin, Inventory Manager, Sales Rep",/strains/:id,Get strain family (parent and variants),Client-wired,,server/routers/strains.ts
Inventory,Strains,Get Family Stats,Report,strains.getFamilyStats,query,protectedProcedure,inventory:read,all,"Super Admin, Inventory Manager",/strains/:id,Get strain family statistics,Client-wired,,server/routers/strains.ts
Inventory,Strains,Fuzzy Search,View/Search,strains.fuzzySearch,query,protectedProcedure,inventory:read,all,"Super Admin, Inventory Manager, Sales Rep",/strains,Fuzzy search with similarity scoring,Client-wired,,server/routers/strains.ts
Inventory,Strains,Get Or Create,Create,strains.getOrCreate,mutation,protectedProcedure,inventory:create,all,"Super Admin, Inventory Manager",/inventory/intake,Get or create strain with fuzzy matching,Client-wired,,server/routers/strains.ts
Orders,Orders,Create Order,Create,orders.create,mutation,protectedProcedure,orders:create,all,"Super Admin, Sales Manager, Sales Rep",/orders/new,Create order (basic version),Client-wired,,server/routers/orders.ts
Orders,Orders,Get Order By ID,View/Search,orders.getById,query,protectedProcedure,orders:read,all,"Super Admin, Sales Manager, Sales Rep",/orders/:id,Get order by ID,Client-wired,,server/routers/orders.ts
Orders,Orders,Get Orders By Client,View/Search,orders.getByClient,query,protectedProcedure,orders:read,all,"Super Admin, Sales Manager, Sales Rep",/clients/:id/orders,Get orders by client,Client-wired,,server/routers/orders.ts
Orders,Orders,Get All Orders,View/Search,orders.getAll,query,protectedProcedure,orders:read,all,"Super Admin, Sales Manager, Sales Rep",/orders,Get all orders with filtering,Client-wired,,server/routers/orders.ts
Orders,Orders,Update Order,Update,orders.update,mutation,protectedProcedure,orders:update,all,"Super Admin, Sales Manager",/orders/:id,Update order,Client-wired,,server/routers/orders.ts
Orders,Orders,Delete Order,Delete,orders.delete,mutation,protectedProcedure,orders:delete,all,"Super Admin",/orders/:id,Delete order (soft delete),Client-wired,,server/routers/orders.ts
Orders,Orders,Restore Order,Action,orders.restore,mutation,protectedProcedure,orders:delete,all,"Super Admin",/orders/:id,Restore deleted order,Client-wired,,server/routers/orders.ts
Orders,Draft Orders,Create Draft Enhanced,Create,orders.createDraftEnhanced,mutation,protectedProcedure,orders:create,all,"Super Admin, Sales Manager, Sales Rep",/orders/new,Create draft with COGS/margin,Client-wired,,server/routers/orders.ts
Orders,Draft Orders,Update Draft Enhanced,Update,orders.updateDraftEnhanced,mutation,protectedProcedure,orders:update,all,"Super Admin, Sales Manager, Sales Rep",/orders/:id,Update draft (enhanced),Client-wired,,server/routers/orders.ts
Orders,Draft Orders,Confirm Draft Order,State Transition,orders.confirmDraftOrder,mutation,protectedProcedure,orders:create,all,"Super Admin, Sales Manager, Sales Rep",/orders/:id,Confirm draft order,Client-wired,,server/routers/orders.ts
Orders,Draft Orders,Finalize Draft,State Transition,orders.finalizeDraft,mutation,protectedProcedure,orders:create,all,"Super Admin, Sales Manager, Sales Rep",/orders/:id,Finalize draft order,Client-wired,,server/routers/orders.ts
Orders,Draft Orders,Update Draft Order,Update,orders.updateDraftOrder,mutation,protectedProcedure,orders:update,all,"Super Admin, Sales Manager, Sales Rep",/orders/:id,Update draft order,Client-wired,,server/routers/orders.ts
Orders,Draft Orders,Delete Draft Order,Delete,orders.deleteDraftOrder,mutation,protectedProcedure,orders:delete,all,"Super Admin, Sales Manager, Sales Rep",/orders/:id,Delete draft order,Client-wired,,server/routers/orders.ts
Orders,Orders,Get With Line Items,View/Search,orders.getOrderWithLineItems,query,protectedProcedure,orders:read,all,"Super Admin, Sales Manager, Sales Rep",/orders/:id,Get order with line items,Client-wired,,server/routers/orders.ts
Orders,Pricing,Get Margin For Product,View/Search,orders.getMarginForProduct,query,protectedProcedure,orders:read,all,"Super Admin, Sales Manager, Sales Rep",/orders,Get margin for product,Client-wired,,server/routers/orders.ts
Orders,Pricing,Calculate Price,View/Search,orders.calculatePrice,query,protectedProcedure,orders:read,all,"Super Admin, Sales Manager, Sales Rep",/orders,Calculate price from margin,Client-wired,,server/routers/orders.ts
Orders,Pricing,Update Line Item COGS,Update,orders.updateLineItemCOGS,mutation,protectedProcedure,orders:update,all,"Super Admin, Sales Manager",/orders/:id,Update line item COGS,Client-wired,,server/routers/orders.ts
Orders,Order Status,Update Order Status,State Transition,orders.updateOrderStatus,mutation,protectedProcedure,orders:update,all,"Super Admin, Sales Manager, Fulfillment",/orders/:id,Update order fulfillment status,Client-wired,,server/routers/orders.ts
Orders,Order Status,Get Status History,View/Search,orders.getOrderStatusHistory,query,protectedProcedure,orders:read,all,"Super Admin, Sales Manager, Fulfillment",/orders/:id,Get order status history,Client-wired,,server/routers/orders.ts
Orders,Returns,Process Return,Action,orders.processReturn,mutation,protectedProcedure,orders:update,all,"Super Admin, Sales Manager",/orders/:id/returns,Process order return,Client-wired,,server/routers/orders.ts
Orders,Returns,Get Order Returns,View/Search,orders.getOrderReturns,query,protectedProcedure,orders:read,all,"Super Admin, Sales Manager",/orders/:id/returns,Get order returns,Client-wired,,server/routers/orders.ts
Orders,Conversion,Convert To Sale,State Transition,orders.convertToSale,mutation,protectedProcedure,orders:create,all,"Super Admin, Sales Manager, Sales Rep",/orders/:id,Convert quote to sale,Client-wired,,server/routers/orders.ts
Orders,Conversion,Convert Quote To Sale,State Transition,orders.convertQuoteToSale,mutation,protectedProcedure,orders:create,all,"Super Admin, Sales Manager, Sales Rep",/orders/:id,Convert quote to sale (full name),Client-wired,,server/routers/orders.ts
Orders,Export,Export Order,Action,orders.export,mutation,protectedProcedure,orders:read,all,"Super Admin, Sales Manager, Sales Rep",/orders/:id,Export order,Client-wired,,server/routers/orders.ts
Orders,Audit,Get Audit Log,View/Search,orders.getAuditLog,query,protectedProcedure,orders:read,all,"Super Admin, Sales Manager",/orders/:id,Get audit log for order,Client-wired,,server/routers/orders.ts
Orders,Fulfillment,Confirm Order,State Transition,orders.confirmOrder,mutation,protectedProcedure,orders:update,all,"Super Admin, Sales Manager, Fulfillment",/orders/:id,Confirm pending order,Client-wired,,server/routers/orders.ts
Orders,Fulfillment,Fulfill Order,Action,orders.fulfillOrder,mutation,protectedProcedure,orders:update,all,"Super Admin, Fulfillment",/orders/:id,Fulfill order items with pick quantities,Client-wired,,server/routers/orders.ts
Orders,Fulfillment,Ship Order,State Transition,orders.shipOrder,mutation,protectedProcedure,orders:update,all,"Super Admin, Fulfillment",/orders/:id,Ship an order,Client-wired,,server/routers/orders.ts
Orders,Fulfillment,Deliver Order,State Transition,orders.deliverOrder,mutation,protectedProcedure,orders:update,all,"Super Admin, Fulfillment",/orders/:id,Mark order as delivered,Client-wired,,server/routers/orders.ts
Orders,Pick Pack,Get Pick List,View/Search,pickPack.getPickList,query,adminProcedure,(none),all,"Super Admin, Fulfillment",/orders/pick-pack,Get pick list for packing,Client-wired,,server/routers/pickPack.ts
Orders,Pick Pack,Get Order Details,View/Search,pickPack.getOrderDetails,query,adminProcedure,(none),all,"Super Admin, Fulfillment",/orders/:id/pick-pack,Get order details for pick/pack,Client-wired,,server/routers/pickPack.ts
Orders,Pick Pack,Pack Items,Action,pickPack.packItems,mutation,adminProcedure,(none),all,"Super Admin, Fulfillment",/orders/:id/pick-pack,Pack items for order,Client-wired,,server/routers/pickPack.ts
Orders,Pick Pack,Unpack Items,Action,pickPack.unpackItems,mutation,adminProcedure,(none),all,"Super Admin, Fulfillment",/orders/:id/pick-pack,Unpack items,Client-wired,,server/routers/pickPack.ts
Orders,Pick Pack,Mark All Packed,Action,pickPack.markAllPacked,mutation,adminProcedure,(none),all,"Super Admin, Fulfillment",/orders/:id/pick-pack,Mark all items as packed,Client-wired,,server/routers/pickPack.ts
Orders,Pick Pack,Mark Order Ready,State Transition,pickPack.markOrderReady,mutation,adminProcedure,(none),all,"Super Admin, Fulfillment",/orders/:id/pick-pack,Mark order ready for shipment,Client-wired,,server/routers/pickPack.ts
Orders,Pick Pack,Update Status,State Transition,pickPack.updateStatus,mutation,adminProcedure,(none),all,"Super Admin, Fulfillment",/orders/:id/pick-pack,Update pack/ship status,Client-wired,,server/routers/pickPack.ts
Orders,Pick Pack,Get Stats,Report,pickPack.getStats,query,adminProcedure,(none),all,"Super Admin, Fulfillment",/orders/pick-pack,Get pick/pack statistics,Client-wired,,server/routers/pickPack.ts
Pricing,Pricing Rules,List Rules,View/Search,pricing.listRules,query,protectedProcedure,pricing:read,all,"Super Admin, Sales Manager",/pricing/rules,List all pricing rules,Client-wired,,server/routers/pricing.ts
Pricing,Pricing Rules,Get Rule By ID,View/Search,pricing.getRuleById,query,protectedProcedure,pricing:read,all,"Super Admin, Sales Manager",/pricing/rules/:id,Get pricing rule by ID,Client-wired,,server/routers/pricing.ts
Pricing,Pricing Rules,Create Rule,Create,pricing.createRule,mutation,protectedProcedure,pricing:create,all,"Super Admin, Sales Manager",/pricing/rules/new,Create pricing rule,Client-wired,,server/routers/pricing.ts
Pricing,Pricing Rules,Update Rule,Update,pricing.updateRule,mutation,protectedProcedure,pricing:update,all,"Super Admin, Sales Manager",/pricing/rules/:id,Update pricing rule,Client-wired,,server/routers/pricing.ts
Pricing,Pricing Rules,Delete Rule,Delete,pricing.deleteRule,mutation,protectedProcedure,pricing:read,all,"Super Admin, Sales Manager",/pricing/rules/:id,Delete pricing rule,Client-wired,,server/routers/pricing.ts
Pricing,Pricing Profiles,List Profiles,View/Search,pricing.listProfiles,query,protectedProcedure,pricing:read,all,"Super Admin, Sales Manager",/pricing/profiles,List pricing profiles,Client-wired,,server/routers/pricing.ts
Pricing,Pricing Profiles,Get Profile By ID,View/Search,pricing.getProfileById,query,protectedProcedure,pricing:read,all,"Super Admin, Sales Manager",/pricing/profiles/:id,Get profile by ID,Client-wired,,server/routers/pricing.ts
Pricing,Pricing Profiles,Create Profile,Create,pricing.createProfile,mutation,protectedProcedure,pricing:create,all,"Super Admin, Sales Manager",/pricing/profiles/new,Create pricing profile,Client-wired,,server/routers/pricing.ts
Pricing,Pricing Profiles,Update Profile,Update,pricing.updateProfile,mutation,protectedProcedure,pricing:update,all,"Super Admin, Sales Manager",/pricing/profiles/:id,Update pricing profile,Client-wired,,server/routers/pricing.ts
Pricing,Pricing Profiles,Delete Profile,Delete,pricing.deleteProfile,mutation,protectedProcedure,pricing:read,all,"Super Admin, Sales Manager",/pricing/profiles/:id,Delete profile,Client-wired,,server/routers/pricing.ts
Pricing,Pricing Profiles,Apply To Client,Action,pricing.applyProfileToClient,mutation,protectedProcedure,pricing:read,all,"Super Admin, Sales Manager",/clients/:id,Apply profile to client,Client-wired,,server/routers/pricing.ts
Pricing,Client Pricing,Get Client Pricing Rules,View/Search,pricing.getClientPricingRules,query,protectedProcedure,pricing:read,all,"Super Admin, Sales Manager, Sales Rep",/clients/:id/pricing,Get client's pricing rules,Client-wired,,server/routers/pricing.ts
Pricing,Default Pricing,Get All Defaults,View/Search,pricingDefaults.getAll,query,protectedProcedure,pricing:read,all,"Super Admin, Sales Manager",/pricing/defaults,Get all default pricing,Client-wired,,server/routers/pricingDefaults.ts
Pricing,Default Pricing,Get By Category,View/Search,pricingDefaults.getByCategory,query,protectedProcedure,pricing:read,all,"Super Admin, Sales Manager",/pricing/defaults,Get pricing by category,Client-wired,,server/routers/pricingDefaults.ts
Pricing,Default Pricing,Upsert Default,Create/Update,pricingDefaults.upsert,mutation,protectedProcedure,pricing:read,all,"Super Admin, Sales Manager",/pricing/defaults,Upsert default pricing,Client-wired,,server/routers/pricingDefaults.ts
Pricing,Default Pricing,Get Margin With Fallback,View/Search,pricingDefaults.getMarginWithFallback,query,protectedProcedure,pricing:read,all,"Super Admin, Sales Manager, Sales Rep",/orders,Get margin with fallback logic,Client-wired,,server/routers/pricingDefaults.ts
Calendar,Events,Get Events,View/Search,calendar.getEvents,query,publicProcedure,(none),all,All Authenticated Users,/calendar,Get events with intelligent filtering,Client-wired,,server/routers/calendar.ts
Calendar,Events,Get Event By ID,View/Search,calendar.getEventById,query,publicProcedure,(none),all,All Authenticated Users,/calendar/:id,Get single event with full details,Client-wired,,server/routers/calendar.ts
Calendar,Events,Create Event,Create,calendar.createEvent,mutation,publicProcedure,(none),all,All Authenticated Users,/calendar/new,Create event with validation and recurrence,Client-wired,,server/routers/calendar.ts
Calendar,Events,Update Event,Update,calendar.updateEvent,mutation,publicProcedure,(none),all,All Authenticated Users,/calendar/:id,Update event with conflict detection,Client-wired,,server/routers/calendar.ts
Calendar,Events,Delete Event,Delete,calendar.deleteEvent,mutation,publicProcedure,(none),all,All Authenticated Users,/calendar/:id,Delete/soft-delete event,Client-wired,,server/routers/calendar.ts
Calendar,Events,Get Events By Entity,View/Search,calendar.getEventsByEntity,query,publicProcedure,(none),all,All Authenticated Users,/calendar,Get events linked to entity,API-only,,server/routers/calendar.ts
Calendar,Events,Get My Events,View/Search,calendar.getMyEvents,query,protectedProcedure,(none),all,All Authenticated Users,/calendar,Get events assigned to user,API-only,,server/routers/calendar.ts
Calendar,Events,Get Event History,View/Search,calendar.getEventHistory,query,publicProcedure,(none),all,All Authenticated Users,/calendar/:id,Get event modification history,API-only,,server/routers/calendar.ts
Calendar,Events,Get Events By Client,View/Search,calendar.getEventsByClient,query,publicProcedure,(none),all,All Authenticated Users,/clients/:id/calendar,Get events by client ID,Client-wired,,server/routers/calendar.ts
Calendar,Recurrence,Get Recurrence Rule,View/Search,calendarRecurrence.getRecurrenceRule,query,publicProcedure,(none),all,All Authenticated Users,/calendar/:id,Get recurrence rule for event,API-only,,server/routers/calendarRecurrence.ts
Calendar,Recurrence,Get Instances,View/Search,calendarRecurrence.getInstances,query,publicProcedure,(none),all,All Authenticated Users,/calendar/:id,Get instances of recurring event,API-only,,server/routers/calendarRecurrence.ts
Calendar,Recurrence,Modify Instance,Update,calendarRecurrence.modifyInstance,mutation,publicProcedure,(none),all,All Authenticated Users,/calendar/:id,Modify specific instance,API-only,,server/routers/calendarRecurrence.ts
Calendar,Recurrence,Cancel Instance,Action,calendarRecurrence.cancelInstance,mutation,publicProcedure,(none),all,All Authenticated Users,/calendar/:id,Cancel specific instance,API-only,,server/routers/calendarRecurrence.ts
Calendar,Recurrence,Update Rule,Update,calendarRecurrence.updateRecurrenceRule,mutation,publicProcedure,(none),all,All Authenticated Users,/calendar/:id,Update recurrence rule,API-only,,server/routers/calendarRecurrence.ts
Calendar,Invitations,Create Invitation,Create,calendarInvitations.createInvitation,mutation,publicProcedure,(none),all,All Authenticated Users,/calendar/:id,Create calendar invitation,API-only,,server/routers/calendarInvitations.ts
Calendar,Invitations,Send Invitation,Action,calendarInvitations.sendInvitation,mutation,publicProcedure,(none),all,All Authenticated Users,/calendar/:id,Send invitation to participant,API-only,,server/routers/calendarInvitations.ts
Calendar,Invitations,Respond To Invitation,Action,calendarInvitations.respondToInvitation,mutation,publicProcedure,(none),all,All Authenticated Users,/calendar/invitations,Respond to calendar invitation,Client-wired,,server/routers/calendarInvitations.ts
Calendar,Invitations,Get Pending Invitations,View/Search,calendarInvitations.getPendingInvitations,query,publicProcedure,(none),all,All Authenticated Users,/calendar/invitations,Get pending invitations for user,Client-wired,,server/routers/calendarInvitations.ts
Calendar,Invitations,Bulk Send Invitations,Action,calendarInvitations.bulkSendInvitations,mutation,publicProcedure,(none),all,All Authenticated Users,/calendar/:id,Send multiple invitations at once,Client-wired,,server/routers/calendarInvitations.ts
Calendar,Participants,Get Participants,View/Search,calendarParticipants.getParticipants,query,publicProcedure,(none),all,All Authenticated Users,/calendar/:id,Get participants for event,API-only,,server/routers/calendarParticipants.ts
Calendar,Participants,Add Participant,Create,calendarParticipants.addParticipant,mutation,publicProcedure,(none),all,All Authenticated Users,/calendar/:id,Add participant to event,API-only,,server/routers/calendarParticipants.ts
Calendar,Participants,Remove Participant,Delete,calendarParticipants.removeParticipant,mutation,publicProcedure,(none),all,All Authenticated Users,/calendar/:id,Remove participant from event,API-only,,server/routers/calendarParticipants.ts
Calendar,Views,Get Views,View/Search,calendarViews.getViews,query,protectedProcedure,(none),all,All Authenticated Users,/calendar,Get user's saved calendar views,API-only,,server/routers/calendarViews.ts
Calendar,Views,Create View,Create,calendarViews.createView,mutation,protectedProcedure,(none),all,All Authenticated Users,/calendar,Create custom calendar view,API-only,,server/routers/calendarViews.ts
Calendar,Views,Set As Default,Update,calendarViews.setAsDefault,mutation,protectedProcedure,(none),all,All Authenticated Users,/calendar,Set view as default,API-only,,server/routers/calendarViews.ts
Calendar,Financials,Get Meeting Financial Context,View/Search,calendarFinancials.getMeetingFinancialContext,query,protectedProcedure,(none),all,"Super Admin, Sales Manager, Accounting Manager",/calendar/:id,Get financial context for calendar events,API-only,,server/routers/calendarFinancials.ts
Calendar,Financials,Get Collections Queue,View/Search,calendarFinancials.getCollectionsQueue,query,protectedProcedure,(none),all,"Super Admin, Sales Manager, Accounting Manager",/calendar,Get queue of clients with outstanding payments,API-only,,server/routers/calendarFinancials.ts
Calendar,Financials,Get AP/AR Summary,Report,calendarFinancials.getAPARSummary,query,protectedProcedure,(none),all,"Super Admin, Sales Manager, Accounting Manager",/calendar,Get AP/AR summary for financial planning,API-only,,server/routers/calendarFinancials.ts
Calendar,Financials,Get Overdue Payments,View/Search,calendarFinancials.getOverduePayments,query,protectedProcedure,(none),all,"Super Admin, Sales Manager, Accounting Manager",/calendar,Get list of overdue payments,API-only,,server/routers/calendarFinancials.ts
Calendar,Time Off,Request Time Off,Create,timeOffRequests.request,mutation,protectedProcedure,(none),all,All Authenticated Users,/calendar/time-off,Submit time-off request,API-only,,server/routers/timeOffRequests.ts
Calendar,Time Off,Approve Request,State Transition,timeOffRequests.approve,mutation,protectedProcedure,(none),all,"Super Admin, Manager",/calendar/time-off,Approve time-off request,API-only,,server/routers/timeOffRequests.ts
Calendar,Time Off,Reject Request,State Transition,timeOffRequests.reject,mutation,protectedProcedure,(none),all,"Super Admin, Manager",/calendar/time-off,Reject time-off request,API-only,,server/routers/timeOffRequests.ts
Calendar,Time Off,List Requests,View/Search,timeOffRequests.list,query,protectedProcedure,(none),all,All Authenticated Users,/calendar/time-off,List time-off requests,API-only,,server/routers/timeOffRequests.ts
Calendar,Time Off,Cancel Request,State Transition,timeOffRequests.cancel,mutation,protectedProcedure,(none),all,All Authenticated Users,/calendar/time-off,Cancel time-off request,API-only,,server/routers/timeOffRequests.ts
Workflow,Todo Lists,Get List Tasks,View/Search,todoTasks.getListTasks,query,protectedProcedure,todos:read,all,All Authenticated Users,/todos,Get tasks for list,Client-wired,,server/routers/todoTasks.ts
Workflow,Todo Lists,Get My Tasks,View/Search,todoTasks.getMyTasks,query,protectedProcedure,todos:read,all,All Authenticated Users,/todos,Get user's tasks,Client-wired,,server/routers/todoTasks.ts
Workflow,Todo Lists,Get Task By ID,View/Search,todoTasks.getById,query,protectedProcedure,todos:read,all,All Authenticated Users,/todos/:id,Get task by ID,Client-wired,,server/routers/todoTasks.ts
Workflow,Todo Lists,Create Task,Create,todoTasks.create,mutation,protectedProcedure,todos:create,all,All Authenticated Users,/todos/new,Create new task,Client-wired,,server/routers/todoTasks.ts
Workflow,Todo Lists,Update Task,Update,todoTasks.update,mutation,protectedProcedure,todos:update,all,All Authenticated Users,/todos/:id,Update task,Client-wired,,server/routers/todoTasks.ts
Workflow,Todo Lists,Delete Task,Delete,todoTasks.delete,mutation,protectedProcedure,todos:delete,all,All Authenticated Users,/todos/:id,Delete task,Client-wired,,server/routers/todoTasks.ts
Workflow,Todo Lists,Complete Task,State Transition,todoTasks.complete,mutation,protectedProcedure,todos:read,all,All Authenticated Users,/todos/:id,Mark task as complete,Client-wired,,server/routers/todoTasks.ts
Workflow,Todo Lists,Uncomplete Task,State Transition,todoTasks.uncomplete,mutation,protectedProcedure,todos:read,all,All Authenticated Users,/todos/:id,Mark task as incomplete,Client-wired,,server/routers/todoTasks.ts
Workflow,Todo Lists,Assign Task,Action,todoTasks.assign,mutation,protectedProcedure,todos:read,all,All Authenticated Users,/todos/:id,Assign task to user,Client-wired,,server/routers/todoTasks.ts
Workflow,Todo Lists,Reorder Tasks,Action,todoTasks.reorder,mutation,protectedProcedure,todos:read,all,All Authenticated Users,/todos,Reorder tasks,Client-wired,,server/routers/todoTasks.ts
Workflow,Todo Lists,Get Overdue Tasks,View/Search,todoTasks.getOverdue,query,protectedProcedure,todos:read,all,All Authenticated Users,/todos,Get overdue tasks,Client-wired,,server/routers/todoTasks.ts
Workflow,Todo Lists,Get Due Soon,View/Search,todoTasks.getDueSoon,query,protectedProcedure,todos:read,all,All Authenticated Users,/todos,Get tasks due soon,Client-wired,,server/routers/todoTasks.ts
Workflow,Todo Lists,Get List Stats,Report,todoTasks.getListStats,query,protectedProcedure,todos:read,all,All Authenticated Users,/todos,Get list statistics,Client-wired,,server/routers/todoTasks.ts
Dashboard,Dashboard,Get Dashboard Data,Report,dashboardEnhanced.getDashboardData,query,publicProcedure,(none),all,All Authenticated Users,/dashboard,Get main dashboard data,Client-wired,,server/routers/dashboardEnhanced.ts
Dashboard,Dashboard,Get Sales Performance,Report,dashboardEnhanced.getSalesPerformance,query,publicProcedure,(none),all,All Authenticated Users,/dashboard,Get sales performance metrics,Client-wired,,server/routers/dashboardEnhanced.ts
Dashboard,Dashboard,Get AR Aging Report,Report,dashboardEnhanced.getARAgingReport,query,publicProcedure,(none),all,All Authenticated Users,/dashboard,Get AR aging report,Client-wired,,server/routers/dashboardEnhanced.ts
Dashboard,Dashboard,Get Inventory Valuation,Report,dashboardEnhanced.getInventoryValuation,query,publicProcedure,(none),all,All Authenticated Users,/dashboard,Get inventory valuation,Client-wired,,server/routers/dashboardEnhanced.ts
Dashboard,Dashboard,Get Top Products,Report,dashboardEnhanced.getTopProducts,query,publicProcedure,(none),all,All Authenticated Users,/dashboard,Get top products by sales,Client-wired,,server/routers/dashboardEnhanced.ts
Dashboard,Dashboard,Get Top Clients,Report,dashboardEnhanced.getTopClients,query,publicProcedure,(none),all,All Authenticated Users,/dashboard,Get top clients by sales,Client-wired,,server/routers/dashboardEnhanced.ts
Dashboard,Dashboard,Get Profitability Metrics,Report,dashboardEnhanced.getProfitabilityMetrics,query,publicProcedure,(none),all,All Authenticated Users,/dashboard,Get profitability metrics,Client-wired,,server/routers/dashboardEnhanced.ts
Dashboard,Dashboard,Export Data,Action,dashboardEnhanced.exportData,mutation,publicProcedure,(none),all,All Authenticated Users,/dashboard,Export dashboard data,Client-wired,,server/routers/dashboardEnhanced.ts
Dashboard,Alerts,Generate Alerts,Action,dashboardEnhanced.generateAlerts,mutation,publicProcedure,(none),all,All Authenticated Users,/dashboard,Generate dashboard alerts,Client-wired,,server/routers/dashboardEnhanced.ts
Dashboard,Alerts,Get Active Alerts,View/Search,dashboardEnhanced.getActiveAlerts,query,publicProcedure,(none),all,All Authenticated Users,/dashboard,Get active alerts,Client-wired,,server/routers/dashboardEnhanced.ts
Dashboard,Alerts,Acknowledge Alert,Action,dashboardEnhanced.acknowledgeAlert,mutation,publicProcedure,(none),all,All Authenticated Users,/dashboard,Acknowledge alert,Client-wired,,server/routers/dashboardEnhanced.ts
Dashboard,Alerts,Resolve Alert,State Transition,dashboardEnhanced.resolveAlert,mutation,publicProcedure,(none),all,All Authenticated Users,/dashboard,Resolve alert,Client-wired,,server/routers/dashboardEnhanced.ts
Analytics,Analytics,Get Summary,Report,analytics.getSummary,query,protectedProcedure,analytics:read,all,"Super Admin, Sales Manager",/analytics,Get analytics summary,API-only,Permission string not in RBAC seed,server/routers/analytics.ts
Analytics,Analytics,Get Extended Summary,Report,analytics.getExtendedSummary,query,protectedProcedure,analytics:read,all,"Super Admin, Sales Manager",/analytics,Get extended analytics summary,Client-wired,Permission string not in RBAC seed,server/routers/analytics.ts
Analytics,Analytics,Get Revenue Trends,Report,analytics.getRevenueTrends,query,protectedProcedure,analytics:read,all,"Super Admin, Sales Manager",/analytics,Get revenue trends over time,Client-wired,Permission string not in RBAC seed,server/routers/analytics.ts
Analytics,Analytics,Get Top Clients,Report,analytics.getTopClients,query,protectedProcedure,analytics:read,all,"Super Admin, Sales Manager",/analytics,Get top clients by metrics,Client-wired,Permission string not in RBAC seed,server/routers/analytics.ts
Analytics,Analytics,Client Strain Preferences,Report,analytics.clientStrainPreferences,query,protectedProcedure,analytics:read,all,"Super Admin, Sales Manager",/analytics,Get client strain preferences,Client-wired,Permission string not in RBAC seed,server/routers/analytics.ts
Analytics,Analytics,Top Strain Families,Report,analytics.topStrainFamilies,query,protectedProcedure,analytics:read,all,"Super Admin, Sales Manager",/analytics,Get top strain families,Client-wired,Permission string not in RBAC seed,server/routers/analytics.ts
Analytics,Analytics,Strain Family Trends,Report,analytics.strainFamilyTrends,query,protectedProcedure,analytics:read,all,"Super Admin, Sales Manager",/analytics,Get strain family trends,Client-wired,Permission string not in RBAC seed,server/routers/analytics.ts
Analytics,Analytics,Export Data,Action,analytics.exportData,mutation,protectedProcedure,analytics:read,all,"Super Admin, Sales Manager",/analytics,Export analytics data,Client-wired,Permission string not in RBAC seed,server/routers/analytics.ts
Admin,RBAC Roles,List Roles,View/Search,rbacRoles.list,query,protectedProcedure,(none),all,Super Admin,/admin/roles,List all RBAC roles,Client-wired,,server/routers/rbac-roles.ts
Admin,RBAC Roles,Get Role By ID,View/Search,rbacRoles.getById,query,protectedProcedure,(none),all,Super Admin,/admin/roles/:id,Get role by ID,Client-wired,,server/routers/rbac-roles.ts
Admin,RBAC Roles,Create Role,Create,rbacRoles.create,mutation,protectedProcedure,(none),all,Super Admin,/admin/roles/new,Create new role,Client-wired,,server/routers/rbac-roles.ts
Admin,RBAC Roles,Update Role,Update,rbacRoles.update,mutation,protectedProcedure,(none),all,Super Admin,/admin/roles/:id,Update role,Client-wired,,server/routers/rbac-roles.ts
Admin,RBAC Roles,Delete Role,Delete,rbacRoles.delete,mutation,protectedProcedure,(none),all,Super Admin,/admin/roles/:id,Delete role,Client-wired,,server/routers/rbac-roles.ts
Admin,RBAC Roles,Assign Permission,Action,rbacRoles.assignPermission,mutation,protectedProcedure,(none),all,Super Admin,/admin/roles/:id,Assign permission to role,Client-wired,,server/routers/rbac-roles.ts
Admin,RBAC Roles,Remove Permission,Action,rbacRoles.removePermission,mutation,protectedProcedure,(none),all,Super Admin,/admin/roles/:id,Remove permission from role,Client-wired,,server/routers/rbac-roles.ts
Admin,RBAC Roles,Bulk Assign Permissions,Action,rbacRoles.bulkAssignPermissions,mutation,protectedProcedure,(none),all,Super Admin,/admin/roles/:id,Bulk assign permissions,Client-wired,,server/routers/rbac-roles.ts
Admin,RBAC Roles,Replace Permissions,Action,rbacRoles.replacePermissions,mutation,protectedProcedure,(none),all,Super Admin,/admin/roles/:id,Replace all permissions,Client-wired,,server/routers/rbac-roles.ts
Admin,User Management,List Users,View/Search,userManagement.listUsers,query,strictlyProtectedProcedure,(none),all,Super Admin,/admin/users,List all users,Client-wired,,server/routers/userManagement.ts
Admin,User Management,Create User,Create,userManagement.createUser,mutation,strictlyProtectedProcedure,(none),all,Super Admin,/admin/users/new,Create new user,Client-wired,,server/routers/userManagement.ts
Admin,User Management,Delete User,Delete,userManagement.deleteUser,mutation,strictlyProtectedProcedure,(none),all,Super Admin,/admin/users/:id,Delete user,Client-wired,,server/routers/userManagement.ts
Admin,User Management,Reset Password,Action,userManagement.resetPassword,mutation,strictlyProtectedProcedure,(none),all,Super Admin,/admin/users/:id,Reset user password,Client-wired,,server/routers/userManagement.ts
Admin,Configuration,Get Config,View/Search,configuration.get,query,protectedProcedure,settings:manage,all,Super Admin,/admin/settings,Get all configuration settings,Client-wired,,server/routers/configuration.ts
Admin,Configuration,Get Config Value,View/Search,configuration.getValue,query,protectedProcedure,settings:manage,all,Super Admin,/admin/settings,Get single configuration value,Client-wired,,server/routers/configuration.ts
Admin,Configuration,Set Config Value,Update,configuration.setValue,mutation,protectedProcedure,settings:manage,all,Super Admin,/admin/settings,Set configuration value,Client-wired,,server/routers/configuration.ts
Admin,Configuration,Reset Config,Action,configuration.reset,mutation,protectedProcedure,settings:manage,all,Super Admin,/admin/settings,Reset configuration to defaults,Client-wired,,server/routers/configuration.ts
Admin,Configuration,Get History,View/Search,configuration.getHistory,query,protectedProcedure,settings:manage,all,Super Admin,/admin/settings,Get configuration change history,Client-wired,,server/routers/configuration.ts
Admin,Configuration,Get Feature Flags,View/Search,configuration.getFeatureFlags,query,protectedProcedure,settings:manage,all,Super Admin,/admin/settings,Get feature flags,Client-wired,,server/routers/configuration.ts
Admin,Monitoring,Get Recent Metrics,View/Search,monitoring.getRecentMetrics,query,adminProcedure,(none),all,Super Admin,/admin/monitoring,Get recent performance metrics,Client-wired,,server/routers/monitoring.ts
Admin,Monitoring,Get Slow Query Stats,View/Search,monitoring.getSlowQueryStats,query,adminProcedure,(none),all,Super Admin,/admin/monitoring,Get slow query statistics,Client-wired,,server/routers/monitoring.ts
Admin,Monitoring,Get Performance Summary,Report,monitoring.getPerformanceSummary,query,adminProcedure,(none),all,Super Admin,/admin/monitoring,Get performance summary,Client-wired,,server/routers/monitoring.ts
Admin,Monitoring,Get Procedure Metrics,Report,monitoring.getProcedureMetrics,query,adminProcedure,(none),all,Super Admin,/admin/monitoring,Get procedure-specific metrics,Client-wired,,server/routers/monitoring.ts
Admin,Audit,Query Audit Logs,View/Search,auditLogs.query,query,protectedProcedure,audit:read,all,"Super Admin, Read-Only Auditor",/admin/audit,Query audit logs with filters,API-only,,server/routers/auditLogs.ts
Admin,Audit,Get Entity Trail,View/Search,auditLogs.getEntityTrail,query,protectedProcedure,audit:read,all,"Super Admin, Read-Only Auditor",/admin/audit,Get audit trail for specific entity,API-only,,server/routers/auditLogs.ts
Admin,Audit,Export Audit Logs,Action,auditLogs.export,query,protectedProcedure,audit:read,all,"Super Admin, Read-Only Auditor",/admin/audit,Export audit logs to JSON,API-only,,server/routers/auditLogs.ts
Admin,Audit,Get User History,View/Search,auditLogs.getUserHistory,query,strictlyProtectedProcedure,users:read,all,"Super Admin, Read-Only Auditor",/admin/users/:id,Get user activity history,Client-wired,,server/routers/auditLogs.ts
Auth,Auth,Me,View/Search,auth.me,query,publicProcedure,(none),all,All Users,*,Get current user info,Client-wired,,server/routers/auth.ts
Auth,Auth,Logout,Action,auth.logout,mutation,publicProcedure,(none),all,All Users,*,Logout current user,Client-wired,,server/routers/auth.ts
Auth,Auth,Update Profile,Update,auth.updateProfile,mutation,strictlyProtectedProcedure,(none),all,All Authenticated Users,/account,Update current user's profile,Client-wired,,server/routers/auth.ts
Auth,Auth,Change Password,Action,auth.changePassword,mutation,strictlyProtectedProcedure,(none),all,All Authenticated Users,/account,Change current user's password,Client-wired,,server/routers/auth.ts
Deprecated,Vendors,Get All Vendors,View/Search,vendors.getAll,query,publicProcedure,(none),all,All Users,/vendors,Get all vendors (DEPRECATED - use clients.list),Deprecated,,server/routers/vendors.ts
Deprecated,Vendors,Get Vendor By ID,View/Search,vendors.getById,query,publicProcedure,(none),all,All Users,/vendors/:id,Get vendor by ID (DEPRECATED - use clients.getById),Deprecated,,server/routers/vendors.ts
Deprecated,Vendors,Search Vendors,View/Search,vendors.search,query,publicProcedure,(none),all,All Users,/vendors,Search vendors (DEPRECATED),Deprecated,,server/routers/vendors.ts
Deprecated,Vendors,Create Vendor,Create,vendors.create,mutation,publicProcedure,(none),all,All Users,/vendors/new,Create vendor (DEPRECATED - use clients.create),Deprecated,,server/routers/vendors.ts
Deprecated,Vendors,Update Vendor,Update,vendors.update,mutation,publicProcedure,(none),all,All Users,/vendors/:id,Update vendor (DEPRECATED - use clients.update),Deprecated,,server/routers/vendors.ts
Deprecated,Vendors,Delete Vendor,Delete,vendors.delete,mutation,publicProcedure,(none),all,All Users,/vendors/:id,Delete vendor (DEPRECATED - use clients.delete),Deprecated,,server/routers/vendors.ts
